<?xml version="1.0" encoding="utf-8"?>
<Presentation version="8.0.2027.0127"><ResChangeList><AddRes time="0.000"><Resource id="R0" resType="Audio" visible="false"><Page id="P0" pageType="Audio" format="AV" url="res/AV/audio.xml" entry="0" size="1641544"/></Resource></AddRes><AddRes time="0.000"><Resource id="R1" resType="AppSharing" visible="true"><Page id="P1" pageType="AppSharing" format="AV" url="" width="704" height="528" size="0"/></Resource></AddRes><AddRes time="0.000"><Resource id="R2" resType="AppSharing" visible="true"><Page id="P2" pageType="AppSharing" format="AV" url="res/AV/media.xml" entry="0" width="1440" height="900" size="656664"/></Resource></AddRes><AddRes time="0.000"><Resource id="R3" resType="AppSharing" visible="true"><Page id="P3" pageType="AppSharing" format="AV" url="" width="704" height="528" size="0"/></Resource></AddRes><AddRes time="0.000"><Resource id="R4" resType="AppSharing" visible="true"><Page id="P4" pageType="AppSharing" format="AV" url="res/AV/media.xml" entry="1" width="1440" height="900" size="12657328"/></Resource></AddRes></ResChangeList><PageChangeList><Audio><PgCMessage time="0.080" page="P0"/><PgCMessage time="780.100"/></Audio><QCIFVideo/><PanoVideo/><Content><PgCMessage time="0.000" page="P1"/><PgCMessage time="0.020" page="P2"/><PgCMessage time="63.870" page="P3"/><PgCMessage time="63.930" page="P4"/></Content><QA/></PageChangeList><InnerPageMessageList><EffectiveRectChanged time="0.020" page="P2"><Rect left="0" top="0" width="1440" height="900"/></EffectiveRectChanged><EffectiveRectChanged time="58.840" page="P2"><Rect left="0" top="0" width="0" height="0"/></EffectiveRectChanged><EffectiveRectChanged time="63.930" page="P4"><Rect left="0" top="0" width="0" height="0"/></EffectiveRectChanged><EffectiveRectChanged time="64.140" page="P4"><Rect left="0" top="0" width="1440" height="860"/></EffectiveRectChanged></InnerPageMessageList><QAMessageList/><PrimaryVideoSrcMessageList/><BizCardChangedMessageList/><NextID>1</NextID></Presentation>
