<?xml version="1.0" encoding="utf-8"?>
<Presentation version="8.0.2027.0127"><MiscInfo><Organizer><![CDATA[- -]]></Organizer><StartTime>2011-04-11T08:27:54-07:00</StartTime><StopTime>2011-04-11T08:40:54-07:00</StopTime><Duration>780.100</Duration><Subject><![CDATA[Meet Now: Robert Davis]]></Subject><Location><![CDATA[sip:rodav@microsoft.com;gruu;opaque=app:conf:focus:id:eba7d533dd4e4514870860228001331c]]></Location></MiscInfo><AttendeeList><Attendee id="Attendee_1"><FullName><![CDATA[Robert Davis]]></FullName><NameInMeeting><![CDATA[Robert Davis]]></NameInMeeting><Corporation><![CDATA[]]></Corporation><Title><![CDATA[]]></Title><Email><![CDATA[]]></Email></Attendee></AttendeeList><MeetingNotes><![CDATA[res\MeetingNotes.htm]]></MeetingNotes></Presentation>
