"(PDH-CSV 4.0) (Eastern Standard Time)(300)","\\SH_LAPTOP_3\Memory\Pages/sec","\\SH_LAPTOP_3\Memory\Page Faults/sec","\\SH_LAPTOP_3\Memory\Available MBytes","\\SH_LAPTOP_3\MSSQL$SH3_2005:Access Methods\Page Splits/sec","\\SH_LAPTOP_3\MSSQL$SH3_2005:Access Methods\Table Lock Escalations/sec","\\SH_LAPTOP_3\MSSQL$SH3_2005:Buffer Manager\Buffer cache hit ratio","\\SH_LAPTOP_3\MSSQL$SH3_2005:Buffer Manager\Checkpoint pages/sec","\\SH_LAPTOP_3\MSSQL$SH3_2005:Buffer Manager\Page life expectancy","\\SH_LAPTOP_3\MSSQL$SH3_2005:Buffer Manager\Database pages","\\SH_LAPTOP_3\MSSQL$SH3_2005:Databases(_Total)\Transactions/sec","\\SH_LAPTOP_3\MSSQL$SH3_2005:Databases(msdb)\Transactions/sec","\\SH_LAPTOP_3\MSSQL$SH3_2005:Databases(mssqlsystemresource)\Transactions/sec","\\SH_LAPTOP_3\MSSQL$SH3_2005:Databases(Presents)\Transactions/sec","\\SH_LAPTOP_3\MSSQL$SH3_2005:Databases(tempdb)\Transactions/sec","\\SH_LAPTOP_3\MSSQL$SH3_2005:General Statistics\Temp Tables Creation Rate","\\SH_LAPTOP_3\MSSQL$SH3_2005:General Statistics\User Connections","\\SH_LAPTOP_3\MSSQL$SH3_2005:General Statistics\Active Temp Tables","\\SH_LAPTOP_3\MSSQL$SH3_2005:General Statistics\Logins/sec","\\SH_LAPTOP_3\MSSQL$SH3_2005:Locks(_Total)\Lock Waits/sec","\\SH_LAPTOP_3\MSSQL$SH3_2005:Locks(_Total)\Number of Deadlocks/sec","\\SH_LAPTOP_3\MSSQL$SH3_2005:Locks(_Total)\Lock Wait Time (ms)","\\SH_LAPTOP_3\MSSQL$SH3_2005:Locks(_Total)\Lock Requests/sec","\\SH_LAPTOP_3\MSSQL$SH3_2005:Memory Manager\Total Server Memory (KB)","\\SH_LAPTOP_3\MSSQL$SH3_2005:Memory Manager\Target Server Memory (KB)","\\SH_LAPTOP_3\MSSQL$SH3_2005:SQL Statistics\Auto-Param Attempts/sec","\\SH_LAPTOP_3\MSSQL$SH3_2005:SQL Statistics\Unsafe Auto-Params/sec","\\SH_LAPTOP_3\MSSQL$SH3_2005:SQL Statistics\Batch Requests/sec","\\SH_LAPTOP_3\MSSQL$SH3_2005:SQL Statistics\Failed Auto-Params/sec","\\SH_LAPTOP_3\MSSQL$SH3_2005:SQL Statistics\SQL Re-Compilations/sec","\\SH_LAPTOP_3\MSSQL$SH3_2005:SQL Statistics\Forced Parameterizations/sec","\\SH_LAPTOP_3\MSSQL$SH3_2005:SQL Statistics\Safe Auto-Params/sec","\\SH_LAPTOP_3\MSSQL$SH3_2005:SQL Statistics\SQL Compilations/sec","\\SH_LAPTOP_3\MSSQL$SH3_2005:Transactions\Longest Transaction Running Time","\\SH_LAPTOP_3\MSSQL$SH3_2005:Wait Statistics(Average wait time (ms))\Wait for the worker","\\SH_LAPTOP_3\MSSQL$SH3_2005:Wait Statistics(Average wait time (ms))\Non-Page latch waits","\\SH_LAPTOP_3\MSSQL$SH3_2005:Wait Statistics(Average wait time (ms))\Network IO waits","\\SH_LAPTOP_3\MSSQL$SH3_2005:Wait Statistics(Average wait time (ms))\Memory grant queue waits","\\SH_LAPTOP_3\MSSQL$SH3_2005:Wait Statistics(Average wait time (ms))\Log write waits","\\SH_LAPTOP_3\MSSQL$SH3_2005:Wait Statistics(Average wait time (ms))\Page latch waits","\\SH_LAPTOP_3\MSSQL$SH3_2005:Wait Statistics(Average wait time (ms))\Lock waits","\\SH_LAPTOP_3\MSSQL$SH3_2005:Wait Statistics(Average wait time (ms))\Log buffer waits","\\SH_LAPTOP_3\MSSQL$SH3_2005:Wait Statistics(Average wait time (ms))\Page IO latch waits","\\SH_LAPTOP_3\Processor(_Total)\% Processor Time","\\SH_LAPTOP_3\Processor(0)\% Processor Time","\\SH_LAPTOP_3\Processor(1)\% Processor Time","\\SH_LAPTOP_3\System\Context Switches/sec"
"10/21/2006 16:22:26.171","33.117589117676239","698.90082929680102","1154","0.0068501050651043486","0","99.88901220865705","0.036919397428809148","8431","5134","0.6061898170600134","0.079710313484850595","0.16013232619724452","0.020728240002198871","0.041367517600954827","0.0010675488413149634","2","0","0.0051598193996889898","8.8962403442913618e-005","0","0.0040922705583740261","32.158574408561627","116736","307200","0.021528901633185094","0.0016902856654153586","0.10453082404542349","0.017347668671368156","0.00062273682410039527","0","0.0024909472964015811","0.1124484779518428","0","0","0","0","0","0","0","0","0","0","99.999916139840636","99.99991669683331","99.999915582847947","3955.1699756913281"
"10/21/2006 16:22:31.171","0","623.32444860799978","1156","0","0","99.897540983606561","0","8436","5134","0.79964650238357893","0.19991162559589473","0","0","0","0","2","0","0","0","0","0","14.79346029409621","116736","307200","0","0","0","0","0","0","0","0","0","0","0","0","0","0","0","0","0","0","3.125","4.0625000000000018","2.1874999999999978","4138.9702963374048"
"10/21/2006 16:22:36.171","6.5730675637979932","475.85025484586083","1156","0","0","99.897540983606561","0","8441","5134","0","0","0","0","0","0","2","0","0","0","0","0","0","116736","307200","0","0","0","0","0","0","0","0","0","0","0","0","0","0","0","0","0","0","3.125","4.6875","1.5625","4912.4716765439371"
"10/21/2006 16:22:41.171","0.19992320409280298","143.34493733453974","1156","0","0","99.875156054931338","0","8446","5134","0.79969281637121192","0.19992320409280298","0","0","0","0","2","0","0","0","0","0","14.794317102867421","116736","307200","0","0","0","0","0","0","0","0","0","0","0","0","0","0","0","0","0","0","2.5000000000000022","3.125","1.8750000000000044","3797.9411081509784"
"10/21/2006 16:22:46.171","0","194.32534352482918","1156","0","0","99.875156054931338","0","8451","5134","0","0","0","0","0","0","2","0","0","0","0","0","0","116736","307200","0","0","0","0","0","0","0","0","0","0","0","0","0","0","0","0","0","0","2.0312499999999956","2.1874999999999978","1.8750000000000044","3976.2723841207076"
"10/21/2006 16:22:51.171","0","240.45842930895256","1156","0","0","99.840255591054316","0","8456","5134","0.80219659485889094","0.20054914871472274","0","0","0","0","2","0","0","0","0","0","14.840637004889482","116736","307200","0","0","0","0","0","0","0","0","0","0","0","0","0","0","0","0","0","0","3.2812500000000022","4.3749999999999956","2.1874999999999978","4520.5783611785655"
