﻿<Invoices>
	<Invoice Number="1" Date="2013-11-01T13:01:00" Status="Delivered">
		<Customer Number="1">
			<FirstName>Lester</FirstName>
			<LastName>Tester</LastName>
		</Customer>
		<LineItems>
			<LineItem>
				<Product>
					<Number>1</Number>
					<Description>Whacky Widget</Description>
				</Product>
				<Quantity>10</Quantity>
				<Price LineTotal="89.0000">
					<UnitPrice>10.0000</UnitPrice>
					<UnitDiscount>1.1000</UnitDiscount>
					<UnitSubTotal>8.9000</UnitSubTotal>
				</Price>
			</LineItem>
			<LineItem>
				<Product>
					<Number>2</Number>
					<Description>Rockin' Ratchet</Description>
				</Product>
				<Quantity>4</Quantity>
				<Price LineTotal="95.2000">
					<UnitPrice>25.0000</UnitPrice>
					<UnitDiscount>1.2000</UnitDiscount>
					<UnitSubTotal>23.8000</UnitSubTotal>
				</Price>
			</LineItem>
		</LineItems>
		<Amount Total="203.0200">
			<SubTotal>184.2000</SubTotal>
			<Tax>13.8200</Tax>
			<Shipping>5.0000</Shipping>
		</Amount>
	</Invoice>
	<Invoice Number="2" Date="2013-11-02T14:02:00" Status="Shipped">
		<Customer Number="2">
			<FirstName>Jake</FirstName>
			<LastName>Fake</LastName>
		</Customer>
		<LineItems>
			<LineItem>
				<Product>
					<Number>1</Number>
					<Description>Whacky Widget</Description>
				</Product>
				<Quantity>20</Quantity>
				<Price LineTotal="158.0000">
					<UnitPrice>10.0000</UnitPrice>
					<UnitDiscount>2.1000</UnitDiscount>
					<UnitSubTotal>7.9000</UnitSubTotal>
				</Price>
			</LineItem>
			<LineItem>
				<Product>
					<Number>2</Number>
					<Description>Rockin' Ratchet</Description>
				</Product>
				<Quantity>2</Quantity>
				<Price LineTotal="45.6000">
					<UnitPrice>25.0000</UnitPrice>
					<UnitDiscount>2.2000</UnitDiscount>
					<UnitSubTotal>22.8000</UnitSubTotal>
				</Price>
			</LineItem>
			<LineItem>
				<Product>
					<Number>3</Number>
					<Description>Crazy Carving</Description>
				</Product>
				<Quantity>1</Quantity>
				<Price LineTotal="47.7000">
					<UnitPrice>50.0000</UnitPrice>
					<UnitDiscount>2.3000</UnitDiscount>
					<UnitSubTotal>47.7000</UnitSubTotal>
				</Price>
			</LineItem>
		</LineItems>
		<Amount Total="280.1500">
			<SubTotal>251.3000</SubTotal>
			<Tax>18.8500</Tax>
			<Shipping>10.0000</Shipping>
		</Amount>
	</Invoice>
	<Invoice Number="3" Date="2013-11-03T15:03:00" Status="Picked">
		<Customer Number="3">
			<FirstName>SQL</FirstName>
			<LastName>Diablo</LastName>
		</Customer>
		<LineItems>
			<LineItem>
				<Product>
					<Number>1</Number>
					<Description>Whacky Widget</Description>
				</Product>
				<Quantity>30</Quantity>
				<Price LineTotal="207.0000">
					<UnitPrice>10.0000</UnitPrice>
					<UnitDiscount>3.1000</UnitDiscount>
					<UnitSubTotal>6.9000</UnitSubTotal>
				</Price>
			</LineItem>
			<LineItem>
				<Product>
					<Number>2</Number>
					<Description>Rockin' Ratchet</Description>
				</Product>
				<Quantity>3</Quantity>
				<Price LineTotal="65.4000">
					<UnitPrice>25.0000</UnitPrice>
					<UnitDiscount>3.2000</UnitDiscount>
					<UnitSubTotal>21.8000</UnitSubTotal>
				</Price>
			</LineItem>
			<LineItem>
				<Product>
					<Number>3</Number>
					<Description>Crazy Carving</Description>
				</Product>
				<Quantity>5</Quantity>
				<Price LineTotal="233.5000">
					<UnitPrice>50.0000</UnitPrice>
					<UnitDiscount>3.3000</UnitDiscount>
					<UnitSubTotal>46.7000</UnitSubTotal>
				</Price>
			</LineItem>
			<LineItem>
				<Product>
					<Number>4</Number>
					<Description>Fantastic Fan</Description>
				</Product>
				<Quantity>1</Quantity>
				<Price LineTotal="71.6000">
					<UnitPrice>75.0000</UnitPrice>
					<UnitDiscount>3.4000</UnitDiscount>
					<UnitSubTotal>71.6000</UnitSubTotal>
				</Price>
			</LineItem>
		</LineItems>
		<Amount Total="640.8100">
			<SubTotal>577.5000</SubTotal>
			<Tax>43.3100</Tax>
			<Shipping>20.0000</Shipping>
		</Amount>
	</Invoice>
	<Invoice Number="4" Date="2013-11-04T16:04:00" Status="Pending">
		<Customer Number="2">
			<FirstName>Jake</FirstName>
			<LastName>Fake</LastName>
		</Customer>
		<LineItems>
			<LineItem>
				<Product>
					<Number>1</Number>
					<Description>Whacky Widget</Description>
				</Product>
				<Quantity>40</Quantity>
				<Price LineTotal="236.0000">
					<UnitPrice>10.0000</UnitPrice>
					<UnitDiscount>4.1000</UnitDiscount>
					<UnitSubTotal>5.9000</UnitSubTotal>
				</Price>
			</LineItem>
			<LineItem>
				<Product>
					<Number>2</Number>
					<Description>Rockin' Ratchet</Description>
				</Product>
				<Quantity>6</Quantity>
				<Price LineTotal="124.8000">
					<UnitPrice>25.0000</UnitPrice>
					<UnitDiscount>4.2000</UnitDiscount>
					<UnitSubTotal>20.8000</UnitSubTotal>
				</Price>
			</LineItem>
			<LineItem>
				<Product>
					<Number>3</Number>
					<Description>Crazy Carving</Description>
				</Product>
				<Quantity>4</Quantity>
				<Price LineTotal="182.8000">
					<UnitPrice>50.0000</UnitPrice>
					<UnitDiscount>4.3000</UnitDiscount>
					<UnitSubTotal>45.7000</UnitSubTotal>
				</Price>
			</LineItem>
		</LineItems>
		<Amount Total="604.3700">
			<SubTotal>543.6000</SubTotal>
			<Tax>40.7700</Tax>
			<Shipping>20.0000</Shipping>
		</Amount>
	</Invoice>
	<Invoice Number="5" Date="2013-11-05T17:05:00" Status="New">
		<Customer Number="3">
			<FirstName>SQL</FirstName>
			<LastName>Diablo</LastName>
		</Customer>
		<LineItems>
			<LineItem>
				<Product>
					<Number>1</Number>
					<Description>Whacky Widget</Description>
				</Product>
				<Quantity>50</Quantity>
				<Price LineTotal="245.0000">
					<UnitPrice>10.0000</UnitPrice>
					<UnitDiscount>5.1000</UnitDiscount>
					<UnitSubTotal>4.9000</UnitSubTotal>
				</Price>
			</LineItem>
			<LineItem>
				<Product>
					<Number>2</Number>
					<Description>Rockin' Ratchet</Description>
				</Product>
				<Quantity>6</Quantity>
				<Price LineTotal="118.8000">
					<UnitPrice>25.0000</UnitPrice>
					<UnitDiscount>5.2000</UnitDiscount>
					<UnitSubTotal>19.8000</UnitSubTotal>
				</Price>
			</LineItem>
			<LineItem>
				<Product>
					<Number>3</Number>
					<Description>Crazy Carving</Description>
				</Product>
				<Quantity>2</Quantity>
				<Price LineTotal="89.4000">
					<UnitPrice>50.0000</UnitPrice>
					<UnitDiscount>5.3000</UnitDiscount>
					<UnitSubTotal>44.7000</UnitSubTotal>
				</Price>
			</LineItem>
			<LineItem>
				<Product>
					<Number>4</Number>
					<Description>Fantastic Fan</Description>
				</Product>
				<Quantity>7</Quantity>
				<Price LineTotal="487.2000">
					<UnitPrice>75.0000</UnitPrice>
					<UnitDiscount>5.4000</UnitDiscount>
					<UnitSubTotal>69.6000</UnitSubTotal>
				</Price>
			</LineItem>
			<LineItem>
				<Product>
					<Number>5</Number>
					<Description>Tremendous Trampoline</Description>
				</Product>
				<Quantity>1</Quantity>
				<Price LineTotal="94.5000">
					<UnitPrice>100.0000</UnitPrice>
					<UnitDiscount>5.5000</UnitDiscount>
					<UnitSubTotal>94.5000</UnitSubTotal>
				</Price>
			</LineItem>
		</LineItems>
		<Amount Total="1152.5200">
			<SubTotal>1034.9000</SubTotal>
			<Tax>77.6200</Tax>
			<Shipping>40.0000</Shipping>
		</Amount>
	</Invoice>
</Invoices>