<?xml version="1.0" encoding="UTF-8"?><?xml-stylesheet type='text/xsl' href='_UpgradeReport_Files/UpgradeReport.xslt'?><UpgradeLog>
<Properties><Property Name="Solution" Value="ShoppingCartCS">
</Property><Property Name="Solution File" Value="C:\Users\Timleord\Desktop\Mesh Share\Service Brocker\Intro Broker Demo\SQL2008.Service_Broker.Samples\Samples\Engine\ServiceBroker\ShoppingCart\ShoppingCartCS.sln">
</Property><Property Name="Date" Value="Friday, March 12, 2010">
</Property><Property Name="Time" Value="23:32 PM">
</Property></Properties><Event ErrorLevel="0" Project="" Source="ShoppingCartCS.sln" Description="File successfully backed up as C:\Users\Timleord\Desktop\Mesh Share\Service Brocker\Intro Broker Demo\SQL2008.Service_Broker.Samples\Samples\Engine\ServiceBroker\ShoppingCart\Backup\ShoppingCartCS.sln">
</Event><Event ErrorLevel="0" Project="ShoppingCartClient" Source="ShoppingCartClient\CS\ShoppingCartClient\ShoppingCartClient.csproj" Description="Project file successfully backed up as C:\Users\Timleord\Desktop\Mesh Share\Service Brocker\Intro Broker Demo\SQL2008.Service_Broker.Samples\Samples\Engine\ServiceBroker\ShoppingCart\Backup\ShoppingCartClient\CS\ShoppingCartClient\ShoppingCartClient.csproj">
</Event><Event ErrorLevel="0" Project="ShoppingCartClient" Source="ShoppingCartClient\CS\ShoppingCartClient\Program.cs" Description="File successfully backed up as C:\Users\Timleord\Desktop\Mesh Share\Service Brocker\Intro Broker Demo\SQL2008.Service_Broker.Samples\Samples\Engine\ServiceBroker\ShoppingCart\Backup\ShoppingCartClient\CS\ShoppingCartClient\Program.cs">
</Event><Event ErrorLevel="0" Project="ShoppingCartClient" Source="ShoppingCartClient\CS\ShoppingCartClient\Properties\AssemblyInfo.cs" Description="File successfully backed up as C:\Users\Timleord\Desktop\Mesh Share\Service Brocker\Intro Broker Demo\SQL2008.Service_Broker.Samples\Samples\Engine\ServiceBroker\ShoppingCart\Backup\ShoppingCartClient\CS\ShoppingCartClient\Properties\AssemblyInfo.cs">
</Event><Event ErrorLevel="0" Project="ShoppingCartClient" Source="ShoppingCartClient\CS\ShoppingCartClient\Properties\Resources.cs" Description="File successfully backed up as C:\Users\Timleord\Desktop\Mesh Share\Service Brocker\Intro Broker Demo\SQL2008.Service_Broker.Samples\Samples\Engine\ServiceBroker\ShoppingCart\Backup\ShoppingCartClient\CS\ShoppingCartClient\Properties\Resources.cs">
</Event><Event ErrorLevel="0" Project="ShoppingCartClient" Source="ShoppingCartClient\CS\ShoppingCartClient\Properties\Settings.cs" Description="File successfully backed up as C:\Users\Timleord\Desktop\Mesh Share\Service Brocker\Intro Broker Demo\SQL2008.Service_Broker.Samples\Samples\Engine\ServiceBroker\ShoppingCart\Backup\ShoppingCartClient\CS\ShoppingCartClient\Properties\Settings.cs">
</Event><Event ErrorLevel="0" Project="ShoppingCartClient" Source="ShoppingCartClient\CS\ShoppingCartClient\ShoppingCartClient.cs" Description="File successfully backed up as C:\Users\Timleord\Desktop\Mesh Share\Service Brocker\Intro Broker Demo\SQL2008.Service_Broker.Samples\Samples\Engine\ServiceBroker\ShoppingCart\Backup\ShoppingCartClient\CS\ShoppingCartClient\ShoppingCartClient.cs">
</Event><Event ErrorLevel="0" Project="ShoppingCartClient" Source="ShoppingCartClient\CS\ShoppingCartClient\ShoppingCartClient.Designer.cs" Description="File successfully backed up as C:\Users\Timleord\Desktop\Mesh Share\Service Brocker\Intro Broker Demo\SQL2008.Service_Broker.Samples\Samples\Engine\ServiceBroker\ShoppingCart\Backup\ShoppingCartClient\CS\ShoppingCartClient\ShoppingCartClient.Designer.cs">
</Event><Event ErrorLevel="0" Project="ShoppingCartClient" Source="ShoppingCartClient\CS\ShoppingCartClient\Properties\Settings.settings" Description="File successfully backed up as C:\Users\Timleord\Desktop\Mesh Share\Service Brocker\Intro Broker Demo\SQL2008.Service_Broker.Samples\Samples\Engine\ServiceBroker\ShoppingCart\Backup\ShoppingCartClient\CS\ShoppingCartClient\Properties\Settings.settings">
</Event><Event ErrorLevel="1" Project="ShoppingCartClient" Source="..\..\..\SampleKey.snk" Description="Backed up project may not build.  Project contains linked file: C:\Users\Timleord\Desktop\Mesh Share\Service Brocker\Intro Broker Demo\SQL2008.Service_Broker.Samples\Samples\Engine\ServiceBroker\ShoppingCart\Backup\ShoppingCartClient\CS\ShoppingCartClient\SampleKey.snk">
</Event><Event ErrorLevel="0" Project="ShoppingCartClient" Source="..\..\..\SampleKey.snk" Description="File successfully backed up as C:\Users\Timleord\Desktop\Mesh Share\Service Brocker\Intro Broker Demo\SQL2008.Service_Broker.Samples\Samples\Engine\ServiceBroker\ShoppingCart\Backup\ShoppingCartClient\CS\ShoppingCartClient\SampleKey.snk">
</Event><Event ErrorLevel="0" Project="ShoppingCartClient" Source="ShoppingCartClient\CS\ShoppingCartClient\app.config" Description="File successfully backed up as C:\Users\Timleord\Desktop\Mesh Share\Service Brocker\Intro Broker Demo\SQL2008.Service_Broker.Samples\Samples\Engine\ServiceBroker\ShoppingCart\Backup\ShoppingCartClient\CS\ShoppingCartClient\app.config">
</Event><Event ErrorLevel="0" Project="ShoppingCartClient" Source="ShoppingCartClient\CS\ShoppingCartClient\Resources\imgShoppingCart.gif" Description="File successfully backed up as C:\Users\Timleord\Desktop\Mesh Share\Service Brocker\Intro Broker Demo\SQL2008.Service_Broker.Samples\Samples\Engine\ServiceBroker\ShoppingCart\Backup\ShoppingCartClient\CS\ShoppingCartClient\Resources\imgShoppingCart.gif">
</Event><Event ErrorLevel="0" Project="ShoppingCartClient" Source="ShoppingCartClient\CS\ShoppingCartClient\Properties\Resources.resx" Description="File successfully backed up as C:\Users\Timleord\Desktop\Mesh Share\Service Brocker\Intro Broker Demo\SQL2008.Service_Broker.Samples\Samples\Engine\ServiceBroker\ShoppingCart\Backup\ShoppingCartClient\CS\ShoppingCartClient\Properties\Resources.resx">
</Event><Event ErrorLevel="0" Project="ShoppingCartClient" Source="ShoppingCartClient\CS\ShoppingCartClient\ShoppingCartClient.resx" Description="File successfully backed up as C:\Users\Timleord\Desktop\Mesh Share\Service Brocker\Intro Broker Demo\SQL2008.Service_Broker.Samples\Samples\Engine\ServiceBroker\ShoppingCart\Backup\ShoppingCartClient\CS\ShoppingCartClient\ShoppingCartClient.resx">
</Event><Event ErrorLevel="0" Project="ShoppingCartClient" Source="ShoppingCartClient\CS\ShoppingCartClient\ShoppingCartClient.csproj" Description="Project converted successfully">
</Event><Event ErrorLevel="3" Project="ShoppingCartClient" Source="ShoppingCartClient\CS\ShoppingCartClient\ShoppingCartClient.csproj" Description="Converted">
</Event><Event ErrorLevel="0" Project="ShoppingCartService" Source="ShoppingCartService\CS\ShoppingCartService\ShoppingCartService.csproj" Description="Project file successfully backed up as C:\Users\Timleord\Desktop\Mesh Share\Service Brocker\Intro Broker Demo\SQL2008.Service_Broker.Samples\Samples\Engine\ServiceBroker\ShoppingCart\Backup\ShoppingCartService\CS\ShoppingCartService\ShoppingCartService.csproj">
</Event><Event ErrorLevel="0" Project="ShoppingCartService" Source="ShoppingCartService\CS\ShoppingCartService\Properties\AssemblyInfo.cs" Description="File successfully backed up as C:\Users\Timleord\Desktop\Mesh Share\Service Brocker\Intro Broker Demo\SQL2008.Service_Broker.Samples\Samples\Engine\ServiceBroker\ShoppingCart\Backup\ShoppingCartService\CS\ShoppingCartService\Properties\AssemblyInfo.cs">
</Event><Event ErrorLevel="0" Project="ShoppingCartService" Source="ShoppingCartService\CS\ShoppingCartService\GlobalSuppressions.cs" Description="File successfully backed up as C:\Users\Timleord\Desktop\Mesh Share\Service Brocker\Intro Broker Demo\SQL2008.Service_Broker.Samples\Samples\Engine\ServiceBroker\ShoppingCart\Backup\ShoppingCartService\CS\ShoppingCartService\GlobalSuppressions.cs">
</Event><Event ErrorLevel="0" Project="ShoppingCartService" Source="ShoppingCartService\CS\ShoppingCartService\InvalidMessageException.cs" Description="File successfully backed up as C:\Users\Timleord\Desktop\Mesh Share\Service Brocker\Intro Broker Demo\SQL2008.Service_Broker.Samples\Samples\Engine\ServiceBroker\ShoppingCart\Backup\ShoppingCartService\CS\ShoppingCartService\InvalidMessageException.cs">
</Event><Event ErrorLevel="0" Project="ShoppingCartService" Source="ShoppingCartService\CS\ShoppingCartService\Invoice.cs" Description="File successfully backed up as C:\Users\Timleord\Desktop\Mesh Share\Service Brocker\Intro Broker Demo\SQL2008.Service_Broker.Samples\Samples\Engine\ServiceBroker\ShoppingCart\Backup\ShoppingCartService\CS\ShoppingCartService\Invoice.cs">
</Event><Event ErrorLevel="0" Project="ShoppingCartService" Source="ShoppingCartService\CS\ShoppingCartService\Item.cs" Description="File successfully backed up as C:\Users\Timleord\Desktop\Mesh Share\Service Brocker\Intro Broker Demo\SQL2008.Service_Broker.Samples\Samples\Engine\ServiceBroker\ShoppingCart\Backup\ShoppingCartService\CS\ShoppingCartService\Item.cs">
</Event><Event ErrorLevel="0" Project="ShoppingCartService" Source="ShoppingCartService\CS\ShoppingCartService\ShoppingCartService.cs" Description="File successfully backed up as C:\Users\Timleord\Desktop\Mesh Share\Service Brocker\Intro Broker Demo\SQL2008.Service_Broker.Samples\Samples\Engine\ServiceBroker\ShoppingCart\Backup\ShoppingCartService\CS\ShoppingCartService\ShoppingCartService.cs">
</Event><Event ErrorLevel="1" Project="ShoppingCartService" Source="..\..\..\SampleKey.snk" Description="Backed up project may not build.  Project contains linked file: C:\Users\Timleord\Desktop\Mesh Share\Service Brocker\Intro Broker Demo\SQL2008.Service_Broker.Samples\Samples\Engine\ServiceBroker\ShoppingCart\Backup\ShoppingCartService\CS\ShoppingCartService\SampleKey.snk">
</Event><Event ErrorLevel="0" Project="ShoppingCartService" Source="..\..\..\SampleKey.snk" Description="File successfully backed up as C:\Users\Timleord\Desktop\Mesh Share\Service Brocker\Intro Broker Demo\SQL2008.Service_Broker.Samples\Samples\Engine\ServiceBroker\ShoppingCart\Backup\ShoppingCartService\CS\ShoppingCartService\SampleKey.snk">
</Event><Event ErrorLevel="0" Project="ShoppingCartService" Source="ShoppingCartService\CS\ShoppingCartService\ShoppingCartService.csproj" Description="Project converted successfully">
</Event><Event ErrorLevel="3" Project="ShoppingCartService" Source="ShoppingCartService\CS\ShoppingCartService\ShoppingCartService.csproj" Description="Converted">
</Event><Event ErrorLevel="1" Project="ServiceBrokerInterface" Source="..\ServiceBrokerInterface\cs\ServiceBrokerInterface\ServiceBrokerInterface.csproj" Description="Warning: The project file is being backed up to a relative path that differs from the original solution relative path.  The difference in folder hierarchy may create problems in opening or building the backed up solution and project.">
</Event><Event ErrorLevel="0" Project="ServiceBrokerInterface" Source="..\ServiceBrokerInterface\cs\ServiceBrokerInterface\ServiceBrokerInterface.csproj" Description="Project file successfully backed up as C:\Users\Timleord\Desktop\Mesh Share\Service Brocker\Intro Broker Demo\SQL2008.Service_Broker.Samples\Samples\Engine\ServiceBroker\ShoppingCart\Backup\ServiceBrokerInterface\ServiceBrokerInterface.csproj">
</Event><Event ErrorLevel="0" Project="ServiceBrokerInterface" Source="..\ServiceBrokerInterface\cs\ServiceBrokerInterface\Properties\AssemblyInfo.cs" Description="File successfully backed up as C:\Users\Timleord\Desktop\Mesh Share\Service Brocker\Intro Broker Demo\SQL2008.Service_Broker.Samples\Samples\Engine\ServiceBroker\ShoppingCart\Backup\ServiceBrokerInterface\Properties\AssemblyInfo.cs">
</Event><Event ErrorLevel="0" Project="ServiceBrokerInterface" Source="..\ServiceBrokerInterface\cs\ServiceBrokerInterface\BrokerMethodAttribute.cs" Description="File successfully backed up as C:\Users\Timleord\Desktop\Mesh Share\Service Brocker\Intro Broker Demo\SQL2008.Service_Broker.Samples\Samples\Engine\ServiceBroker\ShoppingCart\Backup\ServiceBrokerInterface\BrokerMethodAttribute.cs">
</Event><Event ErrorLevel="0" Project="ServiceBrokerInterface" Source="..\ServiceBrokerInterface\cs\ServiceBrokerInterface\Conversation.cs" Description="File successfully backed up as C:\Users\Timleord\Desktop\Mesh Share\Service Brocker\Intro Broker Demo\SQL2008.Service_Broker.Samples\Samples\Engine\ServiceBroker\ShoppingCart\Backup\ServiceBrokerInterface\Conversation.cs">
</Event><Event ErrorLevel="0" Project="ServiceBrokerInterface" Source="..\ServiceBrokerInterface\cs\ServiceBrokerInterface\Message.cs" Description="File successfully backed up as C:\Users\Timleord\Desktop\Mesh Share\Service Brocker\Intro Broker Demo\SQL2008.Service_Broker.Samples\Samples\Engine\ServiceBroker\ShoppingCart\Backup\ServiceBrokerInterface\Message.cs">
</Event><Event ErrorLevel="0" Project="ServiceBrokerInterface" Source="..\ServiceBrokerInterface\cs\ServiceBrokerInterface\Service.cs" Description="File successfully backed up as C:\Users\Timleord\Desktop\Mesh Share\Service Brocker\Intro Broker Demo\SQL2008.Service_Broker.Samples\Samples\Engine\ServiceBroker\ShoppingCart\Backup\ServiceBrokerInterface\Service.cs">
</Event><Event ErrorLevel="0" Project="ServiceBrokerInterface" Source="..\ServiceBrokerInterface\cs\ServiceBrokerInterface\ServiceException.cs" Description="File successfully backed up as C:\Users\Timleord\Desktop\Mesh Share\Service Brocker\Intro Broker Demo\SQL2008.Service_Broker.Samples\Samples\Engine\ServiceBroker\ShoppingCart\Backup\ServiceBrokerInterface\ServiceException.cs">
</Event><Event ErrorLevel="1" Project="ServiceBrokerInterface" Source="..\..\..\SampleKey.snk" Description="Backed up project may not build.  Project contains linked file: C:\Users\Timleord\Desktop\Mesh Share\Service Brocker\Intro Broker Demo\SQL2008.Service_Broker.Samples\Samples\Engine\ServiceBroker\ShoppingCart\Backup\ServiceBrokerInterface\SampleKey.snk">
</Event><Event ErrorLevel="0" Project="ServiceBrokerInterface" Source="..\..\..\SampleKey.snk" Description="File successfully backed up as C:\Users\Timleord\Desktop\Mesh Share\Service Brocker\Intro Broker Demo\SQL2008.Service_Broker.Samples\Samples\Engine\ServiceBroker\ShoppingCart\Backup\ServiceBrokerInterface\SampleKey.snk">
</Event><Event ErrorLevel="0" Project="ServiceBrokerInterface" Source="..\ServiceBrokerInterface\cs\ServiceBrokerInterface\ServiceBrokerInterface.csproj" Description="Project converted successfully">
</Event><Event ErrorLevel="3" Project="ServiceBrokerInterface" Source="..\ServiceBrokerInterface\cs\ServiceBrokerInterface\ServiceBrokerInterface.csproj" Description="Converted">
</Event><Event ErrorLevel="0" Project="" Source="ShoppingCartCS.sln" Description="Solution converted successfully">
</Event><Event ErrorLevel="3" Project="" Source="ShoppingCartCS.sln" Description="Converted">
</Event><Event ErrorLevel="0" Project="ShoppingCartClient" Source="ShoppingCartClient\CS\ShoppingCartClient\ShoppingCartClient.csproj" Description="Scan complete: Upgrade not required for project files.">
</Event><Event ErrorLevel="0" Project="ShoppingCartService" Source="ShoppingCartService\CS\ShoppingCartService\ShoppingCartService.csproj" Description="Scan complete: Upgrade not required for project files.">
</Event><Event ErrorLevel="0" Project="ServiceBrokerInterface" Source="..\ServiceBrokerInterface\cs\ServiceBrokerInterface\ServiceBrokerInterface.csproj" Description="Scan complete: Upgrade not required for project files.">
</Event></UpgradeLog>