﻿<?xml version="1.0" encoding="utf-8"?>
<Project ToolsVersion="4.0" xmlns="http://schemas.microsoft.com/developer/msbuild/2003">
  <PropertyGroup>
    <IncludeCompositeObjects>True</IncludeCompositeObjects>
    <TargetDatabaseName>SQL_Saturday</TargetDatabaseName>
    <DeployScriptFileName>SQL_Saturday.sql</DeployScriptFileName>
    <TargetConnectionString>Data Source=localhost;Integrated Security=True;Pooling=False</TargetConnectionString>
    <ProfileVersionNumber>1</ProfileVersionNumber>
  </PropertyGroup>
  <ItemGroup>
    <SqlCmdVariable Include="AW_Source">
      <Value>AW_Source</Value>
    </SqlCmdVariable>
    <SqlCmdVariable Include="LinkedServer">
      <Value>LinkedServer</Value>
    </SqlCmdVariable>
    <SqlCmdVariable Include="SSIS_Folder">
      <Value>C:\Temp\</Value>
    </SqlCmdVariable>
    <SqlCmdVariable Include="StagingServerName">
      <Value>localhost</Value>
    </SqlCmdVariable>
  </ItemGroup>
</Project>