﻿<?xml version="1.0" encoding="UTF-8"?>
<?Copyright (c) Microsoft Corporation. All rights reserved.?>
<DataCollectorSet>
<Name>PAL_Microsoft_SQL_Server_2012</Name>
<DisplayName>@%systemroot%\system32\wdc.dll,#10026</DisplayName>
<Description>@%systemroot%\system32\wdc.dll,#10027</Description>
<Keyword>CPU</Keyword>
<Keyword>Memory</Keyword>
<Keyword>Disk</Keyword>
<Keyword>Network</Keyword>
<Keyword>Performance</Keyword>
<RootPath>%systemdrive%\perflogs\System\Performance</RootPath>
<SubdirectoryFormat>3</SubdirectoryFormat>
<SubdirectoryFormatPattern>yyyyMMdd\-NNNNNN</SubdirectoryFormatPattern>
<PerformanceCounterDataCollector>
    <Name>PAL_Microsoft_SQL_Server_2012</Name>
    <SampleInterval>15</SampleInterval>
    <Counter>\MSRS 2011 Web Service\Cache Misses/Sec</Counter>
    <Counter>\MSRS 2011 Web Service\Report Requests</Counter>
    <Counter>\MSRS 2011 Web Service\Total Memory Cache Misses</Counter>
    <Counter>\MSRS 2011 Web Service\Total Requests</Counter>
    <Counter>\Process(sqlservr)\% Privileged Time</Counter>
    <Counter>\Process(sqlservr)\% Processor Time</Counter>
    <Counter>\ReportServer:Service\Errors Total</Counter>
    <Counter>\ReportServer:Service\Errors/sec</Counter>
    <Counter>\ReportServer:Service\Memory Pressure State</Counter>
    <Counter>\ReportServer:Service\Memory Shrink Amount</Counter>
    <Counter>\ReportServer:Service\Memory Shrink Notifications/sec</Counter>
    <Counter>\SQLAgent:Jobs\Active jobs</Counter>
    <Counter>\SQLAgent:Jobs\Failed jobs</Counter>
    <Counter>\SQLAgent:Jobs\Job success rate</Counter>
    <Counter>\SQLAgent:Jobs\Successful jobs</Counter>
    <Counter>\SQLAgent:JobSteps\Active steps</Counter>
    <Counter>\SQLAgent:JobSteps\Total step retries</Counter>
    <Counter>\SQLServer:Access Methods\Forwarded Records/sec</Counter>
    <Counter>\SQLServer:Access Methods\FreeSpace Scans/sec</Counter>
    <Counter>\SQLServer:Access Methods\Full Scans/sec</Counter>
    <Counter>\SQLServer:Access Methods\Index Searches/sec</Counter>
    <Counter>\SQLServer:Access Methods\Page Splits/sec</Counter>
    <Counter>\SQLServer:Access Methods\Scan Point Revalidations/sec</Counter>
    <Counter>\SQLServer:Access Methods\Table Lock Escalations/sec</Counter>
    <Counter>\SQLServer:Access Methods\Workfiles Created/sec</Counter>
    <Counter>\SQLServer:Access Methods\Worktables Created/sec</Counter>
    <Counter>\SQLServer:Access Methods\Worktables From Cache Ratio</Counter>
    <Counter>\SQLServer:Availability Replica(*)\Bytes Received from Replica/sec</Counter>
    <Counter>\SQLServer:Availability Replica(*)\Bytes Sent to Replica/sec</Counter>
    <Counter>\SQLServer:Availability Replica(*)\Bytes Sent to Transport/sec</Counter>
    <Counter>\SQLServer:Availability Replica(_Total)\Receives from Replica/sec</Counter>
    <Counter>\SQLServer:Availability Replica(_Total)\Resent Messages/sec</Counter>
    <Counter>\SQLServer:Availability Replica(_Total)\Sends to Replica/sec</Counter>
    <Counter>\SQLServer:Buffer Manager\Background writer pages/sec</Counter>
    <Counter>\SQLServer:Buffer Manager\Buffer cache hit ratio</Counter>
    <Counter>\SQLServer:Buffer Manager\Checkpoint pages/sec</Counter>
    <Counter>\SQLServer:Buffer Manager\Free list stalls/sec</Counter>
    <Counter>\SQLServer:Buffer Manager\Free pages</Counter>
    <Counter>\SQLServer:Buffer Manager\Lazy writes/sec</Counter>
    <Counter>\SQLServer:Buffer Manager\Page life expectancy</Counter>
    <Counter>\SQLServer:Buffer Manager\Page lookups/sec</Counter>
    <Counter>\SQLServer:Buffer Manager\Page reads/sec</Counter>
    <Counter>\SQLServer:Buffer Manager\Page writes/sec</Counter>
    <Counter>\SQLServer:Buffer Manager\Readahead pages/sec</Counter>
    <Counter>\SQLServer:Buffer Manager\Target pages</Counter>
    <Counter>\SQLServer:Buffer Node(*)\Database pages</Counter>
    <Counter>\SQLServer:Buffer Node(*)\Foreign pages</Counter>
    <Counter>\SQLServer:Buffer Node(*)\Local node page lookups/sec</Counter>
    <Counter>\SQLServer:Buffer Node(*)\Page life expectancy</Counter>
    <Counter>\SQLServer:Buffer Node(*)\Remote node page lookups/sec</Counter>
    <Counter>\SQLServer:Database Replica(*)\Log Bytes Received/sec</Counter>
    <Counter>\SQLServer:Database Replica(*)\Mirrored Write Transactions/sec</Counter>
    <Counter>\SQLServer:Database Replica(*)\Recovery Queue</Counter>
    <Counter>\SQLServer:Database Replica(_Total)\Log remaining for undo</Counter>
    <Counter>\SQLServer:Database Replica(_Total)\Log Send Queue</Counter>
    <Counter>\SQLServer:Database Replica(_Total)\Redo blocked/sec</Counter>
    <Counter>\SQLServer:Database Replica(_Total)\Redo Bytes Remaining</Counter>
    <Counter>\SQLServer:Database Replica(_Total)\Redone Bytes/sec</Counter>
    <Counter>\SQLServer:Database Replica(_Total)\Total Log requiring undo</Counter>
    <Counter>\SQLServer:Database Replica(_Total)\Transaction Delay</Counter>
    <Counter>\SQLServer:Databases(*)\Active Transactions</Counter>
    <Counter>\SQLServer:Databases(*)\Backup/Restore Throughput/sec</Counter>
    <Counter>\SQLServer:Databases(*)\Bulk Copy Throughput/sec</Counter>
    <Counter>\SQLServer:Databases(*)\Data File(s) Size (KB)</Counter>
    <Counter>\SQLServer:Databases(*)\Log Bytes Flushed/sec</Counter>
    <Counter>\SQLServer:Databases(*)\Log File(s) Size (KB)</Counter>
    <Counter>\SQLServer:Databases(*)\Log File(s) Used Size (KB)</Counter>
    <Counter>\SQLServer:Databases(*)\Log Flush Wait Time</Counter>
    <Counter>\SQLServer:Databases(*)\Log Flush Waits/sec</Counter>
    <Counter>\SQLServer:Databases(*)\Log Flushes/sec</Counter>
    <Counter>\SQLServer:Databases(*)\Log Growths</Counter>
    <Counter>\SQLServer:Databases(*)\Log Shrinks</Counter>
    <Counter>\SQLServer:Databases(*)\Log Truncations</Counter>
    <Counter>\SQLServer:Databases(*)\Percent Log Used</Counter>
    <Counter>\SQLServer:Deprecated Features(*)\Usage</Counter>
    <Counter>\SQLServer:General Statistics\Active Temp Tables</Counter>
    <Counter>\SQLServer:General Statistics\Logins/sec</Counter>
    <Counter>\SQLServer:General Statistics\Logouts/sec</Counter>
    <Counter>\SQLServer:General Statistics\Temp Tables Creation Rate</Counter>
    <Counter>\SQLServer:General Statistics\Temp Tables For Destruction</Counter>
    <Counter>\SQLServer:General Statistics\User Connections</Counter>
    <Counter>\SQLServer:Latches\Latch Waits/sec</Counter>
    <Counter>\SQLServer:Latches\Total Latch Wait Time (ms)</Counter>
    <Counter>\SQLServer:Locks(*)\Average Wait Time (ms)</Counter>
    <Counter>\SQLServer:Locks(*)\Lock Requests/sec</Counter>
    <Counter>\SQLServer:Locks(*)\Lock Timeouts/sec</Counter>
    <Counter>\SQLServer:Locks(*)\Lock Wait Time (ms)</Counter>
    <Counter>\SQLServer:Locks(*)\Lock Waits/sec</Counter>
    <Counter>\SQLServer:Locks(*)\Number of Deadlocks/sec</Counter>
    <Counter>\SQLServer:Memory Manager\Granted Workspace Memory (KB)</Counter>
    <Counter>\SQLServer:Memory Manager\Maximum Workspace Memory (KB)</Counter>
    <Counter>\SQLServer:Memory Manager\Memory Grants Outstanding</Counter>
    <Counter>\SQLServer:Memory Manager\Memory Grants Pending</Counter>
    <Counter>\SQLServer:Memory Manager\Optimizer Memory (KB)</Counter>
    <Counter>\SQLServer:Memory Manager\Stolen Server Memory (KB)</Counter>
    <Counter>\SQLServer:Memory Manager\Target Server Memory (KB)</Counter>
    <Counter>\SQLServer:Memory Manager\Target Server Memory(KB)</Counter>
    <Counter>\SQLServer:Memory Manager\Total Server Memory (KB)</Counter>
    <Counter>\SQLServer:Memory Node(*)\Database Node Memory (KB)</Counter>
    <Counter>\SQLServer:Memory Node(*)\Foreign Node Memory (KB)</Counter>
    <Counter>\SQLServer:Memory Node(*)\Stolen Node Memory (KB)</Counter>
    <Counter>\SQLServer:Memory Node(*)\Target Node Memory (KB)</Counter>
    <Counter>\SQLServer:Memory Node(000)\Total Node Memory (KB)</Counter>
    <Counter>\SQLServer:Plan Cache(*)\Cache Hit Ratio</Counter>
    <Counter>\SQLServer:Resource Pool Stats(*)\CPU usage %</Counter>
    <Counter>\SQLServer:Resource Pool Stats(*)\Max memory (KB)</Counter>
    <Counter>\SQLServer:Resource Pool Stats(*)\Target memory (KB)</Counter>
    <Counter>\SQLServer:Resource Pool Stats(*)\Used memory (KB)</Counter>
    <Counter>\SQLServer:SQL Errors(*)\Errors/sec</Counter>
    <Counter>\SQLServer:SQL Statistics\Auto-Param Attempts/sec</Counter>
    <Counter>\SQLServer:SQL Statistics\Batch Requests/sec</Counter>
    <Counter>\SQLServer:SQL Statistics\Failed Auto-Params/sec</Counter>
    <Counter>\SQLServer:SQL Statistics\Safe Auto-Params/sec</Counter>
    <Counter>\SQLServer:SQL Statistics\SQL Attention rate</Counter>
    <Counter>\SQLServer:SQL Statistics\SQL Compilations/sec</Counter>
    <Counter>\SQLServer:SQL Statistics\SQL Re-Compilations/sec</Counter>
    <Counter>\SQLServer:SQL Statistics\Unsafe Auto-Params/sec</Counter>
    <Counter>\SQLServer:Transactions\Free Space in tempdb (KB)</Counter>
    <Counter>\SQLServer:Transactions\Longest Transaction Running Time</Counter>
    <Counter>\SQLServer:Transactions\NonSnapshot Version Transactions</Counter>
    <Counter>\SQLServer:Transactions\Snapshot Transactions</Counter>
    <Counter>\SQLServer:Transactions\Transactions</Counter>
    <Counter>\SQLServer:Transactions\Version Cleanup rate (KB/s)</Counter>
    <Counter>\SQLServer:Transactions\Version Generation rate (KB/s)</Counter>
    <Counter>\SQLServer:Transactions\Version Store Size (KB)</Counter>
    <Counter>\SQLServer:User Settable(*)\Query</Counter>
    <Counter>\SQLServer:Workload Group Stats(*)\Active parallel threads</Counter>
    <Counter>\SQLServer:Workload Group Stats(*)\Active requests</Counter>
    <Counter>\SQLServer:Workload Group Stats(*)\CPU usage %</Counter>
    <Counter>\SQLServer:Workload Group Stats(*)\Queued requests</Counter>
    <Counter>\SQLServer:Workload Group Stats(*)\Reduced memory grants/sec</Counter>
    <Counter>\SQLServer:Workload Group Stats(*)\Requests completed/sec</Counter>
    <Counter>\SQLServer:Workload Group Stats(*)\Suboptimal plans/sec</Counter>
</PerformanceCounterDataCollector>
</DataCollectorSet>