﻿<EmployeeRoot xmlns:xsi="http://www.w3.org/2001/XMLSchema-instance">
  <Employee>
    <Employee ID="2">
      <Hire-Date>1997-02-26T00:00:00</Hire-Date>
      <Name>
        <Last>Brown</Last>
        <First>Kevin</First>
        <Middle>F</Middle>
      </Name>
    </Employee>
  </Employee>
  <Employee>
    <Employee ID="3">
      <Hire-Date>1997-12-12T00:00:00</Hire-Date>
      <Name>
        <Last>Tamburello</Last>
        <First>Roberto</First>
        <Middle xsi:nil="true" />
      </Name>
    </Employee>
  </Employee>
</EmployeeRoot>