<?xml version="1.0" encoding="UTF-8"?>
<kml xmlns="http://earth.google.com/kml/2.1">
<Document>
<name>Silver Bay</name>
<description><![CDATA[ Silver Bay Realty Trust Corp. ]]></description>
<Placemark>
<name>1</name>
<description><![CDATA[ <DIV></DIV><DIV><a href="http://www.campsitereports.com/htm/campground.php?pid=177">View Details</a></DIV> ]]></description>
<Point>
<coordinates>112.335316,33.489711,0.000000</coordinates>
</Point>
</Placemark>
<Placemark>
<name>2</name>
<description><![CDATA[ <DIV></DIV><DIV><a href="http://www.campsitereports.com/htm/campground.php?pid=177">View Details</a></DIV> ]]></description>
<Point>
<coordinates>112.202672,33.429633,0.000000</coordinates>
</Point>
</Placemark>
</Document>
</kml>
