<?xml version="1.0" encoding="UTF-8"?>
<kml xmlns="http://earth.google.com/kml/2.1">
<Document>
<name>CampsiteReports.com</name>
<description><![CDATA[ Visit www.CampsiteReports.com to view Photos, Videos, and Reviews of campgrounds and individual campsites. ]]></description>
<Style id="Icon-Green-Tent">
<IconStyle>
<Icon>
<href>http://www.campsitereports.com/images/tent-green-21.png</href>
</Icon>
</IconStyle>
</Style>
<Placemark>
<name>Alamo Lake State Park</name>
<description><![CDATA[ <DIV></DIV><DIV><a href="http://www.campsitereports.com/htm/campground.php?pid=729">View Details</a></DIV> ]]></description>
<styleUrl>#Icon-Green-Tent</styleUrl>
<Point>
<coordinates>-113.577994,34.246258,0.000000</coordinates>
</Point>
</Placemark>
<Placemark>
<name>Buckskin Mountain State Park</name>
<description><![CDATA[ <DIV></DIV><DIV><a href="http://www.campsitereports.com/htm/campground.php?pid=730">View Details</a></DIV> ]]></description>
<styleUrl>#Icon-Green-Tent</styleUrl>
<Point>
<coordinates>-114.154716,34.249361,0.000000</coordinates>
</Point>
</Placemark>
<Placemark>
<name>Catalina State Park</name>
<description><![CDATA[ <DIV></DIV><DIV><a href="http://www.campsitereports.com/htm/campground.php?pid=736">View Details</a></DIV> ]]></description>
<styleUrl>#Icon-Green-Tent</styleUrl>
<Point>
<coordinates>-110.90203,32.429494,0.000000</coordinates>
</Point>
</Placemark>
<Placemark>
<name>Cattail Cove State Park</name>
<description><![CDATA[ <DIV></DIV><DIV><a href="http://www.campsitereports.com/htm/campground.php?pid=731">View Details</a></DIV> ]]></description>
<styleUrl>#Icon-Green-Tent</styleUrl>
<Point>
<coordinates>-114.167211,34.353113,0.000000</coordinates>
</Point>
</Placemark>
<Placemark>
<name>Dead Horse Ranch State Park</name>
<description><![CDATA[ <DIV></DIV><DIV><a href="http://www.campsitereports.com/htm/campground.php?pid=734">View Details</a></DIV> ]]></description>
<styleUrl>#Icon-Green-Tent</styleUrl>
<Point>
<coordinates>-112.013963,34.751963,0.000000</coordinates>
</Point>
</Placemark>
<Placemark>
<name>Fool Hollow Lake Rec Area</name>
<description><![CDATA[ <DIV></DIV><DIV><a href="http://www.campsitereports.com/htm/campground.php?pid=737">View Details</a></DIV> ]]></description>
<styleUrl>#Icon-Green-Tent</styleUrl>
<Point>
<coordinates>-110.072622,34.26878,0.000000</coordinates>
</Point>
</Placemark>
<Placemark>
<name>Homolovi Ruins State Park</name>
<description><![CDATA[ <DIV></DIV><DIV><a href="http://www.campsitereports.com/htm/campground.php?pid=735">View Details</a></DIV> ]]></description>
<styleUrl>#Icon-Green-Tent</styleUrl>
<Point>
<coordinates>-110.649205,35.052755,0.000000</coordinates>
</Point>
</Placemark>
<Placemark>
<name>Kartchner Caverns State Park</name>
<description><![CDATA[ <DIV></DIV><DIV><a href="http://www.campsitereports.com/htm/campground.php?pid=740">View Details</a></DIV> ]]></description>
<styleUrl>#Icon-Green-Tent</styleUrl>
<Point>
<coordinates>-110.349275,31.835272,0.000000</coordinates>
</Point>
</Placemark>
<Placemark>
<name>Lake Havasu State Park</name>
<description><![CDATA[ <DIV></DIV><DIV><a href="http://www.campsitereports.com/htm/campground.php?pid=732">View Details</a></DIV> ]]></description>
<styleUrl>#Icon-Green-Tent</styleUrl>
<Point>
<coordinates>-114.323505,34.447483,0.000000</coordinates>
</Point>
</Placemark>
<Placemark>
<name>Lost Dutchman State Park</name>
<description><![CDATA[ <DIV></DIV><DIV><a href="http://www.campsitereports.com/htm/campground.php?pid=738">View Details</a></DIV> ]]></description>
<styleUrl>#Icon-Green-Tent</styleUrl>
<Point>
<coordinates>-111.475405,33.457522,0.000000</coordinates>
</Point>
</Placemark>
<Placemark>
<name>Lyman Lake State Park</name>
<description><![CDATA[ <DIV></DIV><DIV><a href="http://www.campsitereports.com/htm/campground.php?pid=739">View Details</a></DIV> ]]></description>
<styleUrl>#Icon-Green-Tent</styleUrl>
<Point>
<coordinates>-109.379233,34.363144,0.000000</coordinates>
</Point>
</Placemark>
<Placemark>
<name>Patagonia Lake State Park</name>
<description><![CDATA[ <DIV></DIV><DIV><a href="http://www.campsitereports.com/htm/campground.php?pid=741">View Details</a></DIV> ]]></description>
<styleUrl>#Icon-Green-Tent</styleUrl>
<Point>
<coordinates>-110.854591,31.491938,0.000000</coordinates>
</Point>
</Placemark>
<Placemark>
<name>Picacho Peak State Park</name>
<description><![CDATA[ <DIV></DIV><DIV><a href="http://www.campsitereports.com/htm/campground.php?pid=742">View Details</a></DIV> ]]></description>
<styleUrl>#Icon-Green-Tent</styleUrl>
<Point>
<coordinates>-111.406208,32.642608,0.000000</coordinates>
</Point>
</Placemark>
<Placemark>
<name>River Island State Park</name>
<description><![CDATA[ <DIV></DIV><DIV><a href="http://www.campsitereports.com/htm/campground.php?pid=733">View Details</a></DIV> ]]></description>
<styleUrl>#Icon-Green-Tent</styleUrl>
<Point>
<coordinates>-114.214669,34.013869,0.000000</coordinates>
</Point>
</Placemark>
<Placemark>
<name>Roper Lake State Park</name>
<description><![CDATA[ <DIV></DIV><DIV><a href="http://www.campsitereports.com/htm/campground.php?pid=743">View Details</a></DIV> ]]></description>
<styleUrl>#Icon-Green-Tent</styleUrl>
<Point>
<coordinates>-109.705294,32.756338,0.000000</coordinates>
</Point>
</Placemark>
</Document>
</kml>
