<?xml version = "1.0"?>
<Options>
	<RDBMSType>SQLSERVER</RDBMSType>
	<TargetConnectionString></TargetConnectionString>
	<TargetInstance></TargetInstance>
	<TargetSchema>DBO</TargetSchema>
	<TargetUserID></TargetUserID>
	<TargetPassword></TargetPassword>
	<SourceSchema>dbo</SourceSchema>
	<DBLinkName>SMAIP</DBLinkName>
	<IncludeTablename></IncludeTablename>
	<ExcludeTablename></ExcludeTablename>
	<IncludeColumn>Col1</IncludeColumn>
	<IncludeColumn>Col2</IncludeColumn>
	<ExcludeColumn>Col3</ExcludeColumn>
	<TestOnly></TestOnly>
</Options>