"IsOK";"Name"
"0";"000 - ExecutionPolicy.ps1"
"0";"010 - Set execution policy with elevated rights RunAs.ps1"
"0";"020 - Run Powershell script with elevated rights RunAs (WMI).ps1"
"0";"030 - Set execution policy with elevated rights RunAs (WMI).ps1"
"0";"040 - Set execution policy with elevated rights RunAs.ps1"
"0";"050 - Create Environment variable SQLSat.ps1"
"0";"060 - Let it speak.ps1"
"0";"070 - Variables - Array.ps1"
"0";"080 - overview of user systems varriables.ps1"
"0";"090 - Select.ps1"
"0";"100 - lets consume (with start sqlserver).ps1"
"0";"110 - ALZDBA Browse_SQLServer_with_Powershell.ps1"
"0";"120 - ALZDBA Process_SQLServers_Query(SQLVersion)_export_result_csv.ps1"
"0";"130 - Cmdlet Verbs.ps1"
"0";"140 - function.ps1"
"0";"150 - function sample.ps1"
"0";"160 - switch Regex - ConvertTo-PhoneNumber.ps1"
"0";"170 - Get-XMLtext.ps1"
"0";"180 - formatting numbers.ps1"
"0";"190 - modules.ps1"
"0";"200 - popup for input - Get-FQDN.ps1"
"0";"210 - Trap vs Try Catch.ps1"
"0";"220 - alzdba Renumber files.ps1"
"0";"230 - Get-process examples ConvertTo-Html.ps1"
"0";"240 - diskspace (mountpoints included).ps1"
"0";"250 - Find and Replace file based on version on the domain.ps1"
"0";"260 - Create_SlipStreap_SQL2008R2SP1.ps1"
"0";"270 - produce sqlserver instance list.ps1"
"0";"280 - Find SQLServer TCPip PortNumber via Errorlog.ps1"
"0";"290 - Find SQLServer TCPip PortNumber via WMI.ps1"
"0";"300 - Collect_SQLServer_VLFinfo_SMO.ps1"
"0";"310 - SQLAgent_Job_disable_enable.ps1"
"0";"320 - Query_Oracle_Client_OK.ps1"
"0";"330 - Report stopped services that should have been started Auto.ps1"
"0";"340 - Regular Expressions - Extracting Dates from File Names (RegEx).ps1"
"0";"350 - List folder content process text search string find.ps1"
"0";"360 - Extract Query information from report server reports (RDL files).ps1"
"0";"370 - sample VBS vs PoSh.ps1"
"0";"380 - write-msmq-messages-from-powershell.ps1"
"0";"390 - Extracting Icons with PowerShell.ps1"
"0";"400 - scan-errorlog measure-command alzdba.ps1"
"0";"410 - ALZDBA Process_SQLServers_Query(SQLVersion)_export_result_csv.ps1"
"0";"420 - ALZDBA Process_SQLServers_SQLVersion_export_result_csv_SMO.ps1"
"0";"430 - ALZDBA SQLServer tablediff using Powershell.ps1"
"0";"440 - Gather Performance Data - Allen White.ps1"
"0";"450 - Export_FileStream_Data_SQLServer.ps1"
"0";"460 - HyperV_List_VMHosts.ps1"
"0";"470 - HyperV_Suspend_Stop_Start_VM.ps1"
"0";"480 - .net and com objects.ps1"
"0";"490 - ALZDBA Restart_SQLServer_Instance WMI.ps1"
"0";"500 - ALZDBA Set SQL StartupTraces.ps1"
"0";"510 - ALZDBA Set Number Of ErrorLog Files (SMO).ps1"
"0";"520 - ALZDBA Set Number Of ErrorLog Files (SQLServer drive).ps1"
"0";"530 - ALZDBA ScriptDb SSB.ps1"
"0";"540 - ALZDBA SQLServer_Export_SQLPlans_SMO.ps1"
"0";"550 - ALZDBA SQLServer_Export_DeadlockGraphs_SMO.ps1"
"0";"560 - AD_User_In_Out_OU_PolicyGroup.ps1"
"0";"570 - Adding accounts to Local Security Policy.ps1"
"0";"580 - Invoke-RunTelnetScript.ps1"
"0";"590 - Use Internet Connection with Default Proxy.ps1"
