﻿<?xml version="1.0" encoding="utf-8"?><model xmlns="http://schemas.serviceml.org/smlif/2007/02"><identity><name>urn:uuid:96fe1236-abf6-4a57-b54d-e9baab394fd1</name><baseURI>http://documentcollection/</baseURI></identity><xs:bufferSchema xmlns:xs="http://www.w3.org/2001/XMLSchema"><definitions xmlns:sfc="http://schemas.microsoft.com/sqlserver/sfc/serialization/2007/08"><document><docinfo><aliases><alias>/system/schema/DMF</alias></aliases><sfc:version DomainVersion="3" /></docinfo><data><xs:schema targetNamespace="http://schemas.microsoft.com/sqlserver/DMF/2007/08" xmlns:sfc="http://schemas.microsoft.com/sqlserver/sfc/serialization/2007/08" xmlns:sml="http://schemas.serviceml.org/sml/2007/02" xmlns:xs="http://www.w3.org/2001/XMLSchema" elementFormDefault="qualified"><xs:element name="Policy"><xs:complexType><xs:sequence><xs:any namespace="http://schemas.microsoft.com/sqlserver/DMF/2007/08" processContents="skip" minOccurs="0" maxOccurs="unbounded" /></xs:sequence></xs:complexType></xs:element><xs:element name="ObjectSet"><xs:complexType><xs:sequence><xs:any namespace="http://schemas.microsoft.com/sqlserver/DMF/2007/08" processContents="skip" minOccurs="0" maxOccurs="unbounded" /></xs:sequence></xs:complexType></xs:element><xs:element name="Condition"><xs:complexType><xs:sequence><xs:any namespace="http://schemas.microsoft.com/sqlserver/DMF/2007/08" processContents="skip" minOccurs="0" maxOccurs="unbounded" /></xs:sequence></xs:complexType></xs:element><xs:element name="PolicyCategory"><xs:complexType><xs:sequence><xs:any namespace="http://schemas.microsoft.com/sqlserver/DMF/2007/08" processContents="skip" minOccurs="0" maxOccurs="unbounded" /></xs:sequence></xs:complexType></xs:element><xs:element name="TargetSet"><xs:complexType><xs:sequence><xs:any namespace="http://schemas.microsoft.com/sqlserver/DMF/2007/08" processContents="skip" minOccurs="0" maxOccurs="unbounded" /></xs:sequence></xs:complexType></xs:element><DMF:bufferData xmlns:DMF="http://schemas.microsoft.com/sqlserver/DMF/2007/08"><instances xmlns:sfc="http://schemas.microsoft.com/sqlserver/sfc/serialization/2007/08"><document><docinfo><aliases><alias>/PolicyStore/Policy/Free Disk Space</alias></aliases><sfc:version DomainVersion="3" /></docinfo><data><DMF:Policy xmlns:DMF="http://schemas.microsoft.com/sqlserver/DMF/2007/08" xmlns:sfc="http://schemas.microsoft.com/sqlserver/sfc/serialization/2007/08" xmlns:sml="http://schemas.serviceml.org/sml/2007/02" xmlns:xs="http://www.w3.org/2001/XMLSchema"><DMF:Parent><sfc:Reference sml:ref="true"><sml:Uri>/PolicyStore</sml:Uri></sfc:Reference></DMF:Parent><DMF:PolicyCondition><sfc:Reference sml:ref="true"><sml:Uri>/PolicyStore/Condition/Free disk space in %</sml:Uri></sfc:Reference></DMF:PolicyCondition><DMF:PolicyObjectSet><sfc:Reference sml:ref="true"><sml:Uri>/PolicyStore/ObjectSet/Free Disk Space__ObjectSet</sml:Uri></sfc:Reference></DMF:PolicyObjectSet><DMF:PolicyPolicyCategory><sfc:Reference sml:ref="true"><sml:Uri>/PolicyStore/PolicyCategory/DBA CheckList</sml:Uri></sfc:Reference></DMF:PolicyPolicyCategory><DMF:Name type="string">Free Disk Space</DMF:Name><DMF:Description type="string" /><DMF:Condition type="string">Free disk space in %</DMF:Condition><DMF:ObjectSet type="string">Free Disk Space_ObjectSet</DMF:ObjectSet><DMF:RootCondition type="string" /><DMF:PolicyCategory type="string">DBA CheckList</DMF:PolicyCategory><DMF:Enabled type="boolean">false</DMF:Enabled><DMF:AutomatedPolicyEvaluationMode type="AutomatedPolicyEvaluationMode">None</DMF:AutomatedPolicyEvaluationMode><DMF:ScheduleUid type="guid">00000000-0000-0000-0000-000000000000</DMF:ScheduleUid><DMF:HelpText type="string" /><DMF:HelpLink type="string" /><DMF:ActiveEndDate type="dateTime">0001-01-01T00:00:00</DMF:ActiveEndDate><DMF:ActiveEndTimeOfDay type="long">0</DMF:ActiveEndTimeOfDay><DMF:ActiveStartDate type="dateTime">0001-01-01T00:00:00</DMF:ActiveStartDate><DMF:ActiveStartTimeOfDay type="long">0</DMF:ActiveStartTimeOfDay><DMF:FrequencyInterval type="int">0</DMF:FrequencyInterval><DMF:FrequencyRecurrenceFactor type="int">0</DMF:FrequencyRecurrenceFactor><DMF:FrequencyRelativeIntervals type="FrequencyRelativeIntervals" /><DMF:FrequencySubDayInterval type="int">0</DMF:FrequencySubDayInterval><DMF:FrequencySubDayTypes type="FrequencySubDayTypes">Unknown</DMF:FrequencySubDayTypes><DMF:FrequencyTypes type="FrequencyTypes">Unknown</DMF:FrequencyTypes><DMF:Schedule type="string" /></DMF:Policy></data></document><document><docinfo><aliases><alias>/PolicyStore/ObjectSet/Free Disk Space__ObjectSet</alias></aliases><sfc:version DomainVersion="3" /></docinfo><data><DMF:ObjectSet xmlns:DMF="http://schemas.microsoft.com/sqlserver/DMF/2007/08" xmlns:sfc="http://schemas.microsoft.com/sqlserver/sfc/serialization/2007/08" xmlns:sml="http://schemas.serviceml.org/sml/2007/02" xmlns:xs="http://www.w3.org/2001/XMLSchema"><DMF:TargetSets><sfc:Collection><sfc:Reference sml:ref="true"><sml:Uri>/PolicyStore/ObjectSet/Free Disk Space__ObjectSet/TargetSet/Server</sml:Uri></sfc:Reference></sfc:Collection></DMF:TargetSets><DMF:Parent><sfc:Reference sml:ref="true"><sml:Uri>/PolicyStore</sml:Uri></sfc:Reference></DMF:Parent><DMF:Name type="string">Free Disk Space_ObjectSet</DMF:Name><DMF:Facet type="string">Server</DMF:Facet></DMF:ObjectSet></data></document><document><docinfo><aliases><alias>/PolicyStore/Condition/Free disk space in %</alias></aliases><sfc:version DomainVersion="3" /></docinfo><data><DMF:Condition xmlns:DMF="http://schemas.microsoft.com/sqlserver/DMF/2007/08" xmlns:sfc="http://schemas.microsoft.com/sqlserver/sfc/serialization/2007/08" xmlns:sml="http://schemas.serviceml.org/sml/2007/02" xmlns:xs="http://www.w3.org/2001/XMLSchema"><DMF:Parent><sfc:Reference sml:ref="true"><sml:Uri>/PolicyStore</sml:Uri></sfc:Reference></DMF:Parent><DMF:Expression type="string">&lt;Operator&gt;&lt;?char 13?&gt;
  &lt;TypeClass&gt;Bool&lt;/TypeClass&gt;&lt;?char 13?&gt;
  &lt;OpType&gt;EQ&lt;/OpType&gt;&lt;?char 13?&gt;
  &lt;Count&gt;2&lt;/Count&gt;&lt;?char 13?&gt;
  &lt;Function&gt;&lt;?char 13?&gt;
    &lt;TypeClass&gt;Numeric&lt;/TypeClass&gt;&lt;?char 13?&gt;
    &lt;FunctionType&gt;ExecuteSql&lt;/FunctionType&gt;&lt;?char 13?&gt;
    &lt;ReturnType&gt;Numeric&lt;/ReturnType&gt;&lt;?char 13?&gt;
    &lt;Count&gt;2&lt;/Count&gt;&lt;?char 13?&gt;
    &lt;Constant&gt;&lt;?char 13?&gt;
      &lt;TypeClass&gt;String&lt;/TypeClass&gt;&lt;?char 13?&gt;
      &lt;ObjType&gt;System.String&lt;/ObjType&gt;&lt;?char 13?&gt;
      &lt;Value&gt;Numeric&lt;/Value&gt;&lt;?char 13?&gt;
    &lt;/Constant&gt;&lt;?char 13?&gt;
    &lt;Constant&gt;&lt;?char 13?&gt;
      &lt;TypeClass&gt;String&lt;/TypeClass&gt;&lt;?char 13?&gt;
      &lt;ObjType&gt;System.String&lt;/ObjType&gt;&lt;?char 13?&gt;
      &lt;Value&gt;SET NOCOUNT ON&amp;lt;?char 13?&amp;gt;&lt;?char 13?&gt;
Declare &amp;lt;?char 13?&amp;gt;&lt;?char 13?&gt;
@Free_Bytes BIGINT,&amp;lt;?char 13?&amp;gt;&lt;?char 13?&gt;
@TotalBytes BIGINT,&amp;lt;?char 13?&amp;gt;&lt;?char 13?&gt;
@Drive Char(1),&amp;lt;?char 13?&amp;gt;&lt;?char 13?&gt;
@sql varchar(1000),&amp;lt;?char 13?&amp;gt;&lt;?char 13?&gt;
@svrName varchar(255)&amp;lt;?char 13?&amp;gt;&lt;?char 13?&gt;
set @svrName = convert(varchar(255),SERVERPROPERTY(''MachineName''))&amp;lt;?char 13?&amp;gt;&lt;?char 13?&gt;
set @sql = ''powershell.exe -c "Get-WmiObject -ComputerName '' + QUOTENAME(@svrName,'''''''') + '' -Class Win32_Volume -Filter ''''DriveType = 3'''' | select name,capacity,freespace | foreach{$_.name+''''|''''+$_.capacity+''''%''''+$_.freespace+''''*''''}"''&amp;lt;?char 13?&amp;gt;&lt;?char 13?&gt;
--creating a temporary tables&amp;lt;?char 13?&amp;gt;&lt;?char 13?&gt;
CREATE TABLE #output (line varchar(255))&amp;lt;?char 13?&amp;gt;&lt;?char 13?&gt;
CREATE TABLE #DiskSpace ( Drive Char(50), Total_Space Bigint, Free_Space Bigint,Percentage_Free as (Free_Space*100 / Total_Space ) )&amp;lt;?char 13?&amp;gt;&lt;?char 13?&gt;
CREATE TABLE #Fixeddrives ( Drive Char(1), Free_Space Bigint)&amp;lt;?char 13?&amp;gt;&lt;?char 13?&gt;
CREATE TABLE #fsutil ( ID INT IDENTITY , Drivedata Varchar(2000))&amp;lt;?char 13?&amp;gt;&lt;?char 13?&gt;
--inserting disk name, total space and free space value in to temporary table&amp;lt;?char 13?&amp;gt;&lt;?char 13?&gt;
insert #output&amp;lt;?char 13?&amp;gt;&lt;?char 13?&gt;
EXEC xp_cmdshell @sql&amp;lt;?char 13?&amp;gt;&lt;?char 13?&gt;
--select * from #output&amp;lt;?char 13?&amp;gt;&lt;?char 13?&gt;
if (select count(1) from #output where line like ''%powershell.exe%'')=0&amp;lt;?char 13?&amp;gt;&lt;?char 13?&gt;
BEGIN&amp;lt;?char 13?&amp;gt;&lt;?char 13?&gt;
	insert into #DiskSpace&amp;lt;?char 13?&amp;gt;&lt;?char 13?&gt;
	select rtrim(ltrim(SUBSTRING(line,1,CHARINDEX(''|'',line) -3))) as drivename&amp;lt;?char 13?&amp;gt;&lt;?char 13?&gt;
		  ,round(cast(rtrim(ltrim(SUBSTRING(line,CHARINDEX(''|'',line)+1,&amp;lt;?char 13?&amp;gt;&lt;?char 13?&gt;
		  (CHARINDEX(''%'',line) -1)-CHARINDEX(''|'',line)) )) as Float),0) as ''TotalSpace''&amp;lt;?char 13?&amp;gt;&lt;?char 13?&gt;
		  ,round(cast(rtrim(ltrim(SUBSTRING(line,CHARINDEX(''%'',line)+1,&amp;lt;?char 13?&amp;gt;&lt;?char 13?&gt;
		  (CHARINDEX(''*'',line) -1)-CHARINDEX(''%'',line)) )) as Float),0) as ''FreeSpace''&amp;lt;?char 13?&amp;gt;&lt;?char 13?&gt;
	from #output&amp;lt;?char 13?&amp;gt;&lt;?char 13?&gt;
	where line like ''[A-Z][:]%'' and line not like ''%[%]*''&amp;lt;?char 13?&amp;gt;&lt;?char 13?&gt;
	order by drivename&amp;lt;?char 13?&amp;gt;&lt;?char 13?&gt;
END&amp;lt;?char 13?&amp;gt;&lt;?char 13?&gt;
ELSE&amp;lt;?char 13?&amp;gt;&lt;?char 13?&gt;
BEGIN&amp;lt;?char 13?&amp;gt;&lt;?char 13?&gt;
	Insert into #Fixeddrives exec master.dbo.xp_fixeddrives&amp;lt;?char 13?&amp;gt;&lt;?char 13?&gt;
	insert into #DiskSpace ( Drive)&amp;lt;?char 13?&amp;gt;&lt;?char 13?&gt;
	select Drive from #Fixeddrives&amp;lt;?char 13?&amp;gt;&lt;?char 13?&gt;
	&amp;lt;?char 13?&amp;gt;&lt;?char 13?&gt;
	DECLARE Drive_cursor CURSOR FOR&amp;lt;?char 13?&amp;gt;&lt;?char 13?&gt;
	SELECT Drive from #DiskSpace&amp;lt;?char 13?&amp;gt;&lt;?char 13?&gt;
	OPEN Drive_cursor&amp;lt;?char 13?&amp;gt;&lt;?char 13?&gt;
	FETCH NEXT FROM Drive_cursor INTO @Drive&amp;lt;?char 13?&amp;gt;&lt;?char 13?&gt;
&amp;lt;?char 13?&amp;gt;&lt;?char 13?&gt;
	WHILE @@FETCH_STATUS = 0&amp;lt;?char 13?&amp;gt;&lt;?char 13?&gt;
	BEGIN&amp;lt;?char 13?&amp;gt;&lt;?char 13?&gt;
&amp;lt;?char 13?&amp;gt;&lt;?char 13?&gt;
	select @sql = ''insert into #fsutil exec master.dbo.xp_cmdshell ''''fsutil volume diskfree ''+ @Drive+'':''''''&amp;lt;?char 13?&amp;gt;&lt;?char 13?&gt;
	exec(@sql)&amp;lt;?char 13?&amp;gt;&lt;?char 13?&gt;
&amp;lt;?char 13?&amp;gt;&lt;?char 13?&gt;
	select @Free_Bytes = substring (Drivedata, charIndex ('':'', Drivedata, 0)+ 1 , 1000)&amp;lt;?char 13?&amp;gt;&lt;?char 13?&gt;
	from #fsutil where Drivedata like ''%Total # of free bytes%''&amp;lt;?char 13?&amp;gt;&lt;?char 13?&gt;
&amp;lt;?char 13?&amp;gt;&lt;?char 13?&gt;
	select @TotalBytes =substring (Drivedata, charIndex ('':'', Drivedata, 0)+ 1 , 1000)&amp;lt;?char 13?&amp;gt;&lt;?char 13?&gt;
	from #fsutil where Drivedata like ''%Total # of bytes%''&amp;lt;?char 13?&amp;gt;&lt;?char 13?&gt;
&amp;lt;?char 13?&amp;gt;&lt;?char 13?&gt;
	IF @TotalBytes is not NULL and @Free_Bytes is not null --IF is necessary when fsutil failed to execute&amp;lt;?char 13?&amp;gt;&lt;?char 13?&gt;
		Update #DiskSpace set Total_Space = @TotalBytes, Free_Space=@Free_Bytes&amp;lt;?char 13?&amp;gt;&lt;?char 13?&gt;
		WHERE Drive = @Drive&amp;lt;?char 13?&amp;gt;&lt;?char 13?&gt;
	ELSE&amp;lt;?char 13?&amp;gt;&lt;?char 13?&gt;
		DELETE from #DiskSpace WHERE Drive = @Drive&amp;lt;?char 13?&amp;gt;&lt;?char 13?&gt;
&amp;lt;?char 13?&amp;gt;&lt;?char 13?&gt;
	TRUNCATE TABLE #fsutil&amp;lt;?char 13?&amp;gt;&lt;?char 13?&gt;
	FETCH NEXT FROM Drive_cursor INTO @Drive&amp;lt;?char 13?&amp;gt;&lt;?char 13?&gt;
&amp;lt;?char 13?&amp;gt;&lt;?char 13?&gt;
	END&amp;lt;?char 13?&amp;gt;&lt;?char 13?&gt;
	CLOSE Drive_cursor&amp;lt;?char 13?&amp;gt;&lt;?char 13?&gt;
	DEALLOCATE Drive_cursor&amp;lt;?char 13?&amp;gt;&lt;?char 13?&gt;
&amp;lt;?char 13?&amp;gt;&lt;?char 13?&gt;
END&amp;lt;?char 13?&amp;gt;&lt;?char 13?&gt;
&amp;lt;?char 13?&amp;gt;&lt;?char 13?&gt;
IF (select count(*) from #DiskSpace)=0&amp;lt;?char 13?&amp;gt;&lt;?char 13?&gt;
  select -1&amp;lt;?char 13?&amp;gt;&lt;?char 13?&gt;
else&amp;lt;?char 13?&amp;gt;&lt;?char 13?&gt;
	SELECT COUNT(*) from #DiskSpace&amp;lt;?char 13?&amp;gt;&lt;?char 13?&gt;
	WHERE Percentage_Free&amp;lt;10&amp;lt;?char 13?&amp;gt;&lt;?char 13?&gt;
&amp;lt;?char 13?&amp;gt;&lt;?char 13?&gt;
&amp;lt;?char 13?&amp;gt;&lt;?char 13?&gt;
--Drop the temporary tables&amp;lt;?char 13?&amp;gt;&lt;?char 13?&gt;
drop table #output&amp;lt;?char 13?&amp;gt;&lt;?char 13?&gt;
drop table #DiskSpace&amp;lt;?char 13?&amp;gt;&lt;?char 13?&gt;
drop table #Fixeddrives&amp;lt;?char 13?&amp;gt;&lt;?char 13?&gt;
drop table #fsutil&lt;/Value&gt;&lt;?char 13?&gt;
    &lt;/Constant&gt;&lt;?char 13?&gt;
  &lt;/Function&gt;&lt;?char 13?&gt;
  &lt;Constant&gt;&lt;?char 13?&gt;
    &lt;TypeClass&gt;Numeric&lt;/TypeClass&gt;&lt;?char 13?&gt;
    &lt;ObjType&gt;System.Double&lt;/ObjType&gt;&lt;?char 13?&gt;
    &lt;Value&gt;0&lt;/Value&gt;&lt;?char 13?&gt;
  &lt;/Constant&gt;&lt;?char 13?&gt;
&lt;/Operator&gt;</DMF:Expression><DMF:Name type="string">Free disk space in %</DMF:Name><DMF:Description type="string" /><DMF:Facet type="string">Server</DMF:Facet></DMF:Condition></data></document><document><docinfo><aliases><alias>/PolicyStore/PolicyCategory/DBA CheckList</alias></aliases><sfc:version DomainVersion="3" /></docinfo><data><DMF:PolicyCategory xmlns:DMF="http://schemas.microsoft.com/sqlserver/DMF/2007/08" xmlns:sfc="http://schemas.microsoft.com/sqlserver/sfc/serialization/2007/08" xmlns:sml="http://schemas.serviceml.org/sml/2007/02" xmlns:xs="http://www.w3.org/2001/XMLSchema"><DMF:Parent><sfc:Reference sml:ref="true"><sml:Uri>/PolicyStore</sml:Uri></sfc:Reference></DMF:Parent><DMF:Name type="string">DBA CheckList</DMF:Name></DMF:PolicyCategory></data></document><document><docinfo><aliases><alias>/PolicyStore/ObjectSet/Free Disk Space__ObjectSet/TargetSet/Server</alias></aliases><sfc:version DomainVersion="3" /></docinfo><data><DMF:TargetSet xmlns:DMF="http://schemas.microsoft.com/sqlserver/DMF/2007/08" xmlns:sfc="http://schemas.microsoft.com/sqlserver/sfc/serialization/2007/08" xmlns:sml="http://schemas.serviceml.org/sml/2007/02" xmlns:xs="http://www.w3.org/2001/XMLSchema"><DMF:Parent><sfc:Reference sml:ref="true"><sml:Uri>/PolicyStore/ObjectSet/Free Disk Space__ObjectSet</sml:Uri></sfc:Reference></DMF:Parent><DMF:TargetTypeSkeleton type="string">Server</DMF:TargetTypeSkeleton><DMF:Enabled type="boolean">true</DMF:Enabled></DMF:TargetSet></data></document></instances></DMF:bufferData></xs:schema></data></document></definitions></xs:bufferSchema></model>