﻿<?xml version="1.0" encoding="utf-8"?><model xmlns="http://schemas.serviceml.org/smlif/2007/02"><identity><name>urn:uuid:96fe1236-abf6-4a57-b54d-e9baab394fd1</name><baseURI>http://documentcollection/</baseURI></identity><xs:bufferSchema xmlns:xs="http://www.w3.org/2001/XMLSchema"><definitions xmlns:sfc="http://schemas.microsoft.com/sqlserver/sfc/serialization/2007/08"><document><docinfo><aliases><alias>/system/schema/DMF</alias></aliases><sfc:version DomainVersion="3" /></docinfo><data><xs:schema targetNamespace="http://schemas.microsoft.com/sqlserver/DMF/2007/08" xmlns:sfc="http://schemas.microsoft.com/sqlserver/sfc/serialization/2007/08" xmlns:sml="http://schemas.serviceml.org/sml/2007/02" xmlns:xs="http://www.w3.org/2001/XMLSchema" elementFormDefault="qualified"><xs:element name="Policy"><xs:complexType><xs:sequence><xs:any namespace="http://schemas.microsoft.com/sqlserver/DMF/2007/08" processContents="skip" minOccurs="0" maxOccurs="unbounded" /></xs:sequence></xs:complexType></xs:element><xs:element name="ObjectSet"><xs:complexType><xs:sequence><xs:any namespace="http://schemas.microsoft.com/sqlserver/DMF/2007/08" processContents="skip" minOccurs="0" maxOccurs="unbounded" /></xs:sequence></xs:complexType></xs:element><xs:element name="Condition"><xs:complexType><xs:sequence><xs:any namespace="http://schemas.microsoft.com/sqlserver/DMF/2007/08" processContents="skip" minOccurs="0" maxOccurs="unbounded" /></xs:sequence></xs:complexType></xs:element><xs:element name="PolicyCategory"><xs:complexType><xs:sequence><xs:any namespace="http://schemas.microsoft.com/sqlserver/DMF/2007/08" processContents="skip" minOccurs="0" maxOccurs="unbounded" /></xs:sequence></xs:complexType></xs:element><xs:element name="TargetSet"><xs:complexType><xs:sequence><xs:any namespace="http://schemas.microsoft.com/sqlserver/DMF/2007/08" processContents="skip" minOccurs="0" maxOccurs="unbounded" /></xs:sequence></xs:complexType></xs:element><DMF:bufferData xmlns:DMF="http://schemas.microsoft.com/sqlserver/DMF/2007/08"><instances xmlns:sfc="http://schemas.microsoft.com/sqlserver/sfc/serialization/2007/08"><document><docinfo><aliases><alias>/PolicyStore/Policy/Severity Alerts</alias></aliases><sfc:version DomainVersion="3" /></docinfo><data><DMF:Policy xmlns:DMF="http://schemas.microsoft.com/sqlserver/DMF/2007/08" xmlns:sfc="http://schemas.microsoft.com/sqlserver/sfc/serialization/2007/08" xmlns:sml="http://schemas.serviceml.org/sml/2007/02" xmlns:xs="http://www.w3.org/2001/XMLSchema"><DMF:Parent><sfc:Reference sml:ref="true"><sml:Uri>/PolicyStore</sml:Uri></sfc:Reference></DMF:Parent><DMF:PolicyCondition><sfc:Reference sml:ref="true"><sml:Uri>/PolicyStore/Condition/Database Engine Error Severity</sml:Uri></sfc:Reference></DMF:PolicyCondition><DMF:PolicyObjectSet><sfc:Reference sml:ref="true"><sml:Uri>/PolicyStore/ObjectSet/Severity Alerts__ObjectSet</sml:Uri></sfc:Reference></DMF:PolicyObjectSet><DMF:PolicyRootCondition><sfc:Reference sml:ref="true"><sml:Uri>/PolicyStore/Condition/Version SQL Server &gt; SQL 2000</sml:Uri></sfc:Reference></DMF:PolicyRootCondition><DMF:PolicyPolicyCategory><sfc:Reference sml:ref="true"><sml:Uri>/PolicyStore/PolicyCategory/DBA CheckList</sml:Uri></sfc:Reference></DMF:PolicyPolicyCategory><DMF:Name type="string">Severity Alerts</DMF:Name><DMF:Description type="string" /><DMF:Condition type="string">Database Engine Error Severity</DMF:Condition><DMF:ObjectSet type="string">Severity Alerts_ObjectSet</DMF:ObjectSet><DMF:RootCondition type="string">Version SQL Server &gt; SQL 2000</DMF:RootCondition><DMF:PolicyCategory type="string">DBA CheckList</DMF:PolicyCategory><DMF:Enabled type="boolean">false</DMF:Enabled><DMF:AutomatedPolicyEvaluationMode type="AutomatedPolicyEvaluationMode">None</DMF:AutomatedPolicyEvaluationMode><DMF:ScheduleUid type="guid">00000000-0000-0000-0000-000000000000</DMF:ScheduleUid><DMF:HelpText type="string" /><DMF:HelpLink type="string" /><DMF:ActiveEndDate type="dateTime">0001-01-01T00:00:00</DMF:ActiveEndDate><DMF:ActiveEndTimeOfDay type="long">0</DMF:ActiveEndTimeOfDay><DMF:ActiveStartDate type="dateTime">0001-01-01T00:00:00</DMF:ActiveStartDate><DMF:ActiveStartTimeOfDay type="long">0</DMF:ActiveStartTimeOfDay><DMF:FrequencyInterval type="int">0</DMF:FrequencyInterval><DMF:FrequencyRecurrenceFactor type="int">0</DMF:FrequencyRecurrenceFactor><DMF:FrequencyRelativeIntervals type="FrequencyRelativeIntervals" /><DMF:FrequencySubDayInterval type="int">0</DMF:FrequencySubDayInterval><DMF:FrequencySubDayTypes type="FrequencySubDayTypes">Unknown</DMF:FrequencySubDayTypes><DMF:FrequencyTypes type="FrequencyTypes">Unknown</DMF:FrequencyTypes><DMF:Schedule type="string" /></DMF:Policy></data></document><document><docinfo><aliases><alias>/PolicyStore/ObjectSet/Severity Alerts__ObjectSet</alias></aliases><sfc:version DomainVersion="3" /></docinfo><data><DMF:ObjectSet xmlns:DMF="http://schemas.microsoft.com/sqlserver/DMF/2007/08" xmlns:sfc="http://schemas.microsoft.com/sqlserver/sfc/serialization/2007/08" xmlns:sml="http://schemas.serviceml.org/sml/2007/02" xmlns:xs="http://www.w3.org/2001/XMLSchema"><DMF:TargetSets><sfc:Collection><sfc:Reference sml:ref="true"><sml:Uri>/PolicyStore/ObjectSet/Severity Alerts__ObjectSet/TargetSet/Server</sml:Uri></sfc:Reference></sfc:Collection></DMF:TargetSets><DMF:Parent><sfc:Reference sml:ref="true"><sml:Uri>/PolicyStore</sml:Uri></sfc:Reference></DMF:Parent><DMF:Name type="string">Severity Alerts_ObjectSet</DMF:Name><DMF:Facet type="string">Server</DMF:Facet></DMF:ObjectSet></data></document><document><docinfo><aliases><alias>/PolicyStore/Condition/Database Engine Error Severity</alias></aliases><sfc:version DomainVersion="3" /></docinfo><data><DMF:Condition xmlns:DMF="http://schemas.microsoft.com/sqlserver/DMF/2007/08" xmlns:sfc="http://schemas.microsoft.com/sqlserver/sfc/serialization/2007/08" xmlns:sml="http://schemas.serviceml.org/sml/2007/02" xmlns:xs="http://www.w3.org/2001/XMLSchema"><DMF:Parent><sfc:Reference sml:ref="true"><sml:Uri>/PolicyStore</sml:Uri></sfc:Reference></DMF:Parent><DMF:Expression type="string">&lt;Operator&gt;&lt;?char 13?&gt;
  &lt;TypeClass&gt;Bool&lt;/TypeClass&gt;&lt;?char 13?&gt;
  &lt;OpType&gt;EQ&lt;/OpType&gt;&lt;?char 13?&gt;
  &lt;Count&gt;2&lt;/Count&gt;&lt;?char 13?&gt;
  &lt;Function&gt;&lt;?char 13?&gt;
    &lt;TypeClass&gt;Numeric&lt;/TypeClass&gt;&lt;?char 13?&gt;
    &lt;FunctionType&gt;ExecuteSql&lt;/FunctionType&gt;&lt;?char 13?&gt;
    &lt;ReturnType&gt;Numeric&lt;/ReturnType&gt;&lt;?char 13?&gt;
    &lt;Count&gt;2&lt;/Count&gt;&lt;?char 13?&gt;
    &lt;Constant&gt;&lt;?char 13?&gt;
      &lt;TypeClass&gt;String&lt;/TypeClass&gt;&lt;?char 13?&gt;
      &lt;ObjType&gt;System.String&lt;/ObjType&gt;&lt;?char 13?&gt;
      &lt;Value&gt;Numeric&lt;/Value&gt;&lt;?char 13?&gt;
    &lt;/Constant&gt;&lt;?char 13?&gt;
    &lt;Constant&gt;&lt;?char 13?&gt;
      &lt;TypeClass&gt;String&lt;/TypeClass&gt;&lt;?char 13?&gt;
      &lt;ObjType&gt;System.String&lt;/ObjType&gt;&lt;?char 13?&gt;
      &lt;Value&gt;CREATE TABLE #ErrorLog&amp;lt;?char 13?&amp;gt;&lt;?char 13?&gt;
	(&amp;lt;?char 13?&amp;gt;&lt;?char 13?&gt;
	  Logdate datetime ,&amp;lt;?char 13?&amp;gt;&lt;?char 13?&gt;
	  ProcessInfo VARCHAR(12) ,&amp;lt;?char 13?&amp;gt;&lt;?char 13?&gt;
	  MsgText VARCHAR(3000)&amp;lt;?char 13?&amp;gt;&lt;?char 13?&gt;
	)&amp;lt;?char 13?&amp;gt;&lt;?char 13?&gt;
CREATE TABLE #NumberOfErrorLogFiles&amp;lt;?char 13?&amp;gt;&lt;?char 13?&gt;
	(&amp;lt;?char 13?&amp;gt;&lt;?char 13?&gt;
		ArchiveID tinyint,&amp;lt;?char 13?&amp;gt;&lt;?char 13?&gt;
		FileDate datetime,&amp;lt;?char 13?&amp;gt;&lt;?char 13?&gt;
		FileSize int&amp;lt;?char 13?&amp;gt;&lt;?char 13?&gt;
	)&amp;lt;?char 13?&amp;gt;&lt;?char 13?&gt;
insert into #NumberOfErrorLogFiles&amp;lt;?char 13?&amp;gt;&lt;?char 13?&gt;
EXEC master..xp_enumerrorlogs&amp;lt;?char 13?&amp;gt;&lt;?char 13?&gt;
&amp;lt;?char 13?&amp;gt;&lt;?char 13?&gt;
DECLARE @SinceDate datetime  &amp;lt;?char 13?&amp;gt;&lt;?char 13?&gt;
SET @SinceDate = DATEADD(dd, -7, GETDATE())&amp;lt;?char 13?&amp;gt;&lt;?char 13?&gt;
DECLARE @ErrorFile tinyint&amp;lt;?char 13?&amp;gt;&lt;?char 13?&gt;
DECLARE @Severity tinyint&amp;lt;?char 13?&amp;gt;&lt;?char 13?&gt;
DECLARE @SeverityString nvarchar(3)&amp;lt;?char 13?&amp;gt;&lt;?char 13?&gt;
DECLARE @LastLogFile tinyint&amp;lt;?char 13?&amp;gt;&lt;?char 13?&gt;
select @LastLogFile=min(ArchiveID) from #NumberOfErrorLogFiles&amp;lt;?char 13?&amp;gt;&lt;?char 13?&gt;
where FileDate&amp;lt;@SinceDate&amp;lt;?char 13?&amp;gt;&lt;?char 13?&gt;
&amp;lt;?char 13?&amp;gt;&lt;?char 13?&gt;
set @ErrorFile=0&amp;lt;?char 13?&amp;gt;&lt;?char 13?&gt;
while @ErrorFile&amp;lt;=ISNULL(@LastLogFile,0)&amp;lt;?char 13?&amp;gt;&lt;?char 13?&gt;
begin&amp;lt;?char 13?&amp;gt;&lt;?char 13?&gt;
  set @Severity=17&amp;lt;?char 13?&amp;gt;&lt;?char 13?&gt;
  set @SeverityString=convert(nvarchar,@Severity) + '',''&amp;lt;?char 13?&amp;gt;&lt;?char 13?&gt;
  while @Severity&amp;lt;=25&amp;lt;?char 13?&amp;gt;&lt;?char 13?&gt;
    begin&amp;lt;?char 13?&amp;gt;&lt;?char 13?&gt;
	    insert into #Errorlog&amp;lt;?char 13?&amp;gt;&lt;?char 13?&gt;
		EXEC master.dbo.xp_readerrorlog @ErrorFile, 1, N''Severity: '', @SeverityString, @SinceDate, NULL, N''ASC''&amp;lt;?char 13?&amp;gt;&lt;?char 13?&gt;
		set @Severity=@Severity+1&amp;lt;?char 13?&amp;gt;&lt;?char 13?&gt;
		set @SeverityString=convert(nvarchar,@Severity) + '',''&amp;lt;?char 13?&amp;gt;&lt;?char 13?&gt;
	end&amp;lt;?char 13?&amp;gt;&lt;?char 13?&gt;
	set @ErrorFile=@ErrorFile+1&amp;lt;?char 13?&amp;gt;&lt;?char 13?&gt;
end&amp;lt;?char 13?&amp;gt;&lt;?char 13?&gt;
&amp;lt;?char 13?&amp;gt;&lt;?char 13?&gt;
select count(*) from #ErrorLog where Logdate&amp;gt;@SinceDate&amp;lt;?char 13?&amp;gt;&lt;?char 13?&gt;
&amp;lt;?char 13?&amp;gt;&lt;?char 13?&gt;
drop table #ErrorLog&amp;lt;?char 13?&amp;gt;&lt;?char 13?&gt;
drop table #NumberOfErrorLogFiles&lt;/Value&gt;&lt;?char 13?&gt;
    &lt;/Constant&gt;&lt;?char 13?&gt;
  &lt;/Function&gt;&lt;?char 13?&gt;
  &lt;Constant&gt;&lt;?char 13?&gt;
    &lt;TypeClass&gt;Numeric&lt;/TypeClass&gt;&lt;?char 13?&gt;
    &lt;ObjType&gt;System.Double&lt;/ObjType&gt;&lt;?char 13?&gt;
    &lt;Value&gt;0&lt;/Value&gt;&lt;?char 13?&gt;
  &lt;/Constant&gt;&lt;?char 13?&gt;
&lt;/Operator&gt;</DMF:Expression><DMF:Name type="string">Database Engine Error Severity</DMF:Name><DMF:Description type="string" /><DMF:Facet type="string">Server</DMF:Facet></DMF:Condition></data></document><document><docinfo><aliases><alias>/PolicyStore/Condition/Version SQL Server &gt; SQL 2000</alias></aliases><sfc:version DomainVersion="3" /></docinfo><data><DMF:Condition xmlns:DMF="http://schemas.microsoft.com/sqlserver/DMF/2007/08" xmlns:sfc="http://schemas.microsoft.com/sqlserver/sfc/serialization/2007/08" xmlns:sml="http://schemas.serviceml.org/sml/2007/02" xmlns:xs="http://www.w3.org/2001/XMLSchema"><DMF:Parent><sfc:Reference sml:ref="true"><sml:Uri>/PolicyStore</sml:Uri></sfc:Reference></DMF:Parent><DMF:Expression type="string">&lt;Operator&gt;&lt;?char 13?&gt;
  &lt;TypeClass&gt;Bool&lt;/TypeClass&gt;&lt;?char 13?&gt;
  &lt;OpType&gt;GT&lt;/OpType&gt;&lt;?char 13?&gt;
  &lt;Count&gt;2&lt;/Count&gt;&lt;?char 13?&gt;
  &lt;Attribute&gt;&lt;?char 13?&gt;
    &lt;TypeClass&gt;Numeric&lt;/TypeClass&gt;&lt;?char 13?&gt;
    &lt;Name&gt;VersionMajor&lt;/Name&gt;&lt;?char 13?&gt;
  &lt;/Attribute&gt;&lt;?char 13?&gt;
  &lt;Constant&gt;&lt;?char 13?&gt;
    &lt;TypeClass&gt;Numeric&lt;/TypeClass&gt;&lt;?char 13?&gt;
    &lt;ObjType&gt;System.Double&lt;/ObjType&gt;&lt;?char 13?&gt;
    &lt;Value&gt;8&lt;/Value&gt;&lt;?char 13?&gt;
  &lt;/Constant&gt;&lt;?char 13?&gt;
&lt;/Operator&gt;</DMF:Expression><DMF:Name type="string">Version SQL Server &gt; SQL 2000</DMF:Name><DMF:Description type="string" /><DMF:Facet type="string">Server</DMF:Facet></DMF:Condition></data></document><document><docinfo><aliases><alias>/PolicyStore/PolicyCategory/DBA CheckList</alias></aliases><sfc:version DomainVersion="3" /></docinfo><data><DMF:PolicyCategory xmlns:DMF="http://schemas.microsoft.com/sqlserver/DMF/2007/08" xmlns:sfc="http://schemas.microsoft.com/sqlserver/sfc/serialization/2007/08" xmlns:sml="http://schemas.serviceml.org/sml/2007/02" xmlns:xs="http://www.w3.org/2001/XMLSchema"><DMF:Parent><sfc:Reference sml:ref="true"><sml:Uri>/PolicyStore</sml:Uri></sfc:Reference></DMF:Parent><DMF:Name type="string">DBA CheckList</DMF:Name></DMF:PolicyCategory></data></document><document><docinfo><aliases><alias>/PolicyStore/ObjectSet/Severity Alerts__ObjectSet/TargetSet/Server</alias></aliases><sfc:version DomainVersion="3" /></docinfo><data><DMF:TargetSet xmlns:DMF="http://schemas.microsoft.com/sqlserver/DMF/2007/08" xmlns:sfc="http://schemas.microsoft.com/sqlserver/sfc/serialization/2007/08" xmlns:sml="http://schemas.serviceml.org/sml/2007/02" xmlns:xs="http://www.w3.org/2001/XMLSchema"><DMF:Parent><sfc:Reference sml:ref="true"><sml:Uri>/PolicyStore/ObjectSet/Severity Alerts__ObjectSet</sml:Uri></sfc:Reference></DMF:Parent><DMF:TargetTypeSkeleton type="string">Server</DMF:TargetTypeSkeleton><DMF:Enabled type="boolean">true</DMF:Enabled></DMF:TargetSet></data></document></instances></DMF:bufferData></xs:schema></data></document></definitions></xs:bufferSchema></model>