﻿<?xml version="1.0" encoding="utf-8"?><model xmlns="http://schemas.serviceml.org/smlif/2007/02"><identity><name>urn:uuid:96fe1236-abf6-4a57-b54d-e9baab394fd1</name><baseURI>http://documentcollection/</baseURI></identity><xs:bufferSchema xmlns:xs="http://www.w3.org/2001/XMLSchema"><definitions xmlns:sfc="http://schemas.microsoft.com/sqlserver/sfc/serialization/2007/08"><document><docinfo><aliases><alias>/system/schema/DMF</alias></aliases><sfc:version DomainVersion="3" /></docinfo><data><xs:schema targetNamespace="http://schemas.microsoft.com/sqlserver/DMF/2007/08" xmlns:sfc="http://schemas.microsoft.com/sqlserver/sfc/serialization/2007/08" xmlns:sml="http://schemas.serviceml.org/sml/2007/02" xmlns:xs="http://www.w3.org/2001/XMLSchema" elementFormDefault="qualified"><xs:element name="Policy"><xs:complexType><xs:sequence><xs:any namespace="http://schemas.microsoft.com/sqlserver/DMF/2007/08" processContents="skip" minOccurs="0" maxOccurs="unbounded" /></xs:sequence></xs:complexType></xs:element><xs:element name="ObjectSet"><xs:complexType><xs:sequence><xs:any namespace="http://schemas.microsoft.com/sqlserver/DMF/2007/08" processContents="skip" minOccurs="0" maxOccurs="unbounded" /></xs:sequence></xs:complexType></xs:element><xs:element name="Condition"><xs:complexType><xs:sequence><xs:any namespace="http://schemas.microsoft.com/sqlserver/DMF/2007/08" processContents="skip" minOccurs="0" maxOccurs="unbounded" /></xs:sequence></xs:complexType></xs:element><xs:element name="TargetSet"><xs:complexType><xs:sequence><xs:any namespace="http://schemas.microsoft.com/sqlserver/DMF/2007/08" processContents="skip" minOccurs="0" maxOccurs="unbounded" /></xs:sequence></xs:complexType></xs:element><DMF:bufferData xmlns:DMF="http://schemas.microsoft.com/sqlserver/DMF/2007/08"><instances xmlns:sfc="http://schemas.microsoft.com/sqlserver/sfc/serialization/2007/08"><document><docinfo><aliases><alias>/PolicyStore/Policy/Trace Flags Enabled</alias></aliases><sfc:version DomainVersion="3" /></docinfo><data><DMF:Policy xmlns:DMF="http://schemas.microsoft.com/sqlserver/DMF/2007/08" xmlns:sfc="http://schemas.microsoft.com/sqlserver/sfc/serialization/2007/08" xmlns:sml="http://schemas.serviceml.org/sml/2007/02" xmlns:xs="http://www.w3.org/2001/XMLSchema"><DMF:Parent><sfc:Reference sml:ref="true"><sml:Uri>/PolicyStore</sml:Uri></sfc:Reference></DMF:Parent><DMF:PolicyCondition><sfc:Reference sml:ref="true"><sml:Uri>/PolicyStore/Condition/Trace Flags Enabled</sml:Uri></sfc:Reference></DMF:PolicyCondition><DMF:PolicyObjectSet><sfc:Reference sml:ref="true"><sml:Uri>/PolicyStore/ObjectSet/Trace Flags Enabled__ObjectSet</sml:Uri></sfc:Reference></DMF:PolicyObjectSet><DMF:Name type="string">Trace Flags Enabled</DMF:Name><DMF:Description type="string" /><DMF:Condition type="string">Trace Flags Enabled</DMF:Condition><DMF:ObjectSet type="string">Trace Flags Enabled_ObjectSet</DMF:ObjectSet><DMF:RootCondition type="string" /><DMF:PolicyCategory type="string" /><DMF:Enabled type="boolean">false</DMF:Enabled><DMF:AutomatedPolicyEvaluationMode type="AutomatedPolicyEvaluationMode">None</DMF:AutomatedPolicyEvaluationMode><DMF:ScheduleUid type="guid">00000000-0000-0000-0000-000000000000</DMF:ScheduleUid><DMF:HelpText type="string" /><DMF:HelpLink type="string" /><DMF:ActiveEndDate type="dateTime">0001-01-01T00:00:00</DMF:ActiveEndDate><DMF:ActiveEndTimeOfDay type="long">0</DMF:ActiveEndTimeOfDay><DMF:ActiveStartDate type="dateTime">0001-01-01T00:00:00</DMF:ActiveStartDate><DMF:ActiveStartTimeOfDay type="long">0</DMF:ActiveStartTimeOfDay><DMF:FrequencyInterval type="int">0</DMF:FrequencyInterval><DMF:FrequencyRecurrenceFactor type="int">0</DMF:FrequencyRecurrenceFactor><DMF:FrequencyRelativeIntervals type="FrequencyRelativeIntervals" /><DMF:FrequencySubDayInterval type="int">0</DMF:FrequencySubDayInterval><DMF:FrequencySubDayTypes type="FrequencySubDayTypes">Unknown</DMF:FrequencySubDayTypes><DMF:FrequencyTypes type="FrequencyTypes">Unknown</DMF:FrequencyTypes><DMF:Schedule type="string" /></DMF:Policy></data></document><document><docinfo><aliases><alias>/PolicyStore/ObjectSet/Trace Flags Enabled__ObjectSet</alias></aliases><sfc:version DomainVersion="3" /></docinfo><data><DMF:ObjectSet xmlns:DMF="http://schemas.microsoft.com/sqlserver/DMF/2007/08" xmlns:sfc="http://schemas.microsoft.com/sqlserver/sfc/serialization/2007/08" xmlns:sml="http://schemas.serviceml.org/sml/2007/02" xmlns:xs="http://www.w3.org/2001/XMLSchema"><DMF:TargetSets><sfc:Collection><sfc:Reference sml:ref="true"><sml:Uri>/PolicyStore/ObjectSet/Trace Flags Enabled__ObjectSet/TargetSet/Server</sml:Uri></sfc:Reference></sfc:Collection></DMF:TargetSets><DMF:Parent><sfc:Reference sml:ref="true"><sml:Uri>/PolicyStore</sml:Uri></sfc:Reference></DMF:Parent><DMF:Name type="string">Trace Flags Enabled_ObjectSet</DMF:Name><DMF:Facet type="string">Server</DMF:Facet></DMF:ObjectSet></data></document><document><docinfo><aliases><alias>/PolicyStore/Condition/Trace Flags Enabled</alias></aliases><sfc:version DomainVersion="3" /></docinfo><data><DMF:Condition xmlns:DMF="http://schemas.microsoft.com/sqlserver/DMF/2007/08" xmlns:sfc="http://schemas.microsoft.com/sqlserver/sfc/serialization/2007/08" xmlns:sml="http://schemas.serviceml.org/sml/2007/02" xmlns:xs="http://www.w3.org/2001/XMLSchema"><DMF:Parent><sfc:Reference sml:ref="true"><sml:Uri>/PolicyStore</sml:Uri></sfc:Reference></DMF:Parent><DMF:Expression type="string">&lt;Operator&gt;&lt;?char 13?&gt;
  &lt;TypeClass&gt;Bool&lt;/TypeClass&gt;&lt;?char 13?&gt;
  &lt;OpType&gt;AND&lt;/OpType&gt;&lt;?char 13?&gt;
  &lt;Count&gt;2&lt;/Count&gt;&lt;?char 13?&gt;
  &lt;Operator&gt;&lt;?char 13?&gt;
    &lt;TypeClass&gt;Bool&lt;/TypeClass&gt;&lt;?char 13?&gt;
    &lt;OpType&gt;AND&lt;/OpType&gt;&lt;?char 13?&gt;
    &lt;Count&gt;2&lt;/Count&gt;&lt;?char 13?&gt;
    &lt;Operator&gt;&lt;?char 13?&gt;
      &lt;TypeClass&gt;Bool&lt;/TypeClass&gt;&lt;?char 13?&gt;
      &lt;OpType&gt;AND&lt;/OpType&gt;&lt;?char 13?&gt;
      &lt;Count&gt;2&lt;/Count&gt;&lt;?char 13?&gt;
      &lt;Operator&gt;&lt;?char 13?&gt;
        &lt;TypeClass&gt;Bool&lt;/TypeClass&gt;&lt;?char 13?&gt;
        &lt;OpType&gt;AND&lt;/OpType&gt;&lt;?char 13?&gt;
        &lt;Count&gt;2&lt;/Count&gt;&lt;?char 13?&gt;
        &lt;Operator&gt;&lt;?char 13?&gt;
          &lt;TypeClass&gt;Bool&lt;/TypeClass&gt;&lt;?char 13?&gt;
          &lt;OpType&gt;AND&lt;/OpType&gt;&lt;?char 13?&gt;
          &lt;Count&gt;2&lt;/Count&gt;&lt;?char 13?&gt;
          &lt;Operator&gt;&lt;?char 13?&gt;
            &lt;TypeClass&gt;Bool&lt;/TypeClass&gt;&lt;?char 13?&gt;
            &lt;OpType&gt;AND&lt;/OpType&gt;&lt;?char 13?&gt;
            &lt;Count&gt;2&lt;/Count&gt;&lt;?char 13?&gt;
            &lt;Operator&gt;&lt;?char 13?&gt;
              &lt;TypeClass&gt;Bool&lt;/TypeClass&gt;&lt;?char 13?&gt;
              &lt;OpType&gt;EQ&lt;/OpType&gt;&lt;?char 13?&gt;
              &lt;Count&gt;2&lt;/Count&gt;&lt;?char 13?&gt;
              &lt;Function&gt;&lt;?char 13?&gt;
                &lt;TypeClass&gt;Numeric&lt;/TypeClass&gt;&lt;?char 13?&gt;
                &lt;FunctionType&gt;ExecuteSql&lt;/FunctionType&gt;&lt;?char 13?&gt;
                &lt;ReturnType&gt;Numeric&lt;/ReturnType&gt;&lt;?char 13?&gt;
                &lt;Count&gt;2&lt;/Count&gt;&lt;?char 13?&gt;
                &lt;Constant&gt;&lt;?char 13?&gt;
                  &lt;TypeClass&gt;String&lt;/TypeClass&gt;&lt;?char 13?&gt;
                  &lt;ObjType&gt;System.String&lt;/ObjType&gt;&lt;?char 13?&gt;
                  &lt;Value&gt;Numeric&lt;/Value&gt;&lt;?char 13?&gt;
                &lt;/Constant&gt;&lt;?char 13?&gt;
                &lt;Constant&gt;&lt;?char 13?&gt;
                  &lt;TypeClass&gt;String&lt;/TypeClass&gt;&lt;?char 13?&gt;
                  &lt;ObjType&gt;System.String&lt;/ObjType&gt;&lt;?char 13?&gt;
                  &lt;Value&gt;&amp;lt;?char 13?&amp;gt;&lt;?char 13?&gt;
create table #TraceStatus &amp;lt;?char 13?&amp;gt;&lt;?char 13?&gt;
( TraceFlags int,&amp;lt;?char 13?&amp;gt;&lt;?char 13?&gt;
  Status bit,&amp;lt;?char 13?&amp;gt;&lt;?char 13?&gt;
  Global bit,&amp;lt;?char 13?&amp;gt;&lt;?char 13?&gt;
  Session int&amp;lt;?char 13?&amp;gt;&lt;?char 13?&gt;
  )&amp;lt;?char 13?&amp;gt;&lt;?char 13?&gt;
&amp;lt;?char 13?&amp;gt;&lt;?char 13?&gt;
insert into #TraceStatus&amp;lt;?char 13?&amp;gt;&lt;?char 13?&gt;
exec sp_executesql N''DBCC tracestatus(1117)''&amp;lt;?char 13?&amp;gt;&lt;?char 13?&gt;
&amp;lt;?char 13?&amp;gt;&lt;?char 13?&gt;
IF (select status from #TraceStatus where Global=1)=1&amp;lt;?char 13?&amp;gt;&lt;?char 13?&gt;
  select 1117&amp;lt;?char 13?&amp;gt;&lt;?char 13?&gt;
ELSE&amp;lt;?char 13?&amp;gt;&lt;?char 13?&gt;
  select 0&amp;lt;?char 13?&amp;gt;&lt;?char 13?&gt;
&amp;lt;?char 13?&amp;gt;&lt;?char 13?&gt;
drop table #TraceStatus&lt;/Value&gt;&lt;?char 13?&gt;
                &lt;/Constant&gt;&lt;?char 13?&gt;
              &lt;/Function&gt;&lt;?char 13?&gt;
              &lt;Constant&gt;&lt;?char 13?&gt;
                &lt;TypeClass&gt;Numeric&lt;/TypeClass&gt;&lt;?char 13?&gt;
                &lt;ObjType&gt;System.Double&lt;/ObjType&gt;&lt;?char 13?&gt;
                &lt;Value&gt;1117&lt;/Value&gt;&lt;?char 13?&gt;
              &lt;/Constant&gt;&lt;?char 13?&gt;
            &lt;/Operator&gt;&lt;?char 13?&gt;
            &lt;Operator&gt;&lt;?char 13?&gt;
              &lt;TypeClass&gt;Bool&lt;/TypeClass&gt;&lt;?char 13?&gt;
              &lt;OpType&gt;EQ&lt;/OpType&gt;&lt;?char 13?&gt;
              &lt;Count&gt;2&lt;/Count&gt;&lt;?char 13?&gt;
              &lt;Function&gt;&lt;?char 13?&gt;
                &lt;TypeClass&gt;Numeric&lt;/TypeClass&gt;&lt;?char 13?&gt;
                &lt;FunctionType&gt;ExecuteSql&lt;/FunctionType&gt;&lt;?char 13?&gt;
                &lt;ReturnType&gt;Numeric&lt;/ReturnType&gt;&lt;?char 13?&gt;
                &lt;Count&gt;2&lt;/Count&gt;&lt;?char 13?&gt;
                &lt;Constant&gt;&lt;?char 13?&gt;
                  &lt;TypeClass&gt;String&lt;/TypeClass&gt;&lt;?char 13?&gt;
                  &lt;ObjType&gt;System.String&lt;/ObjType&gt;&lt;?char 13?&gt;
                  &lt;Value&gt;Numeric&lt;/Value&gt;&lt;?char 13?&gt;
                &lt;/Constant&gt;&lt;?char 13?&gt;
                &lt;Constant&gt;&lt;?char 13?&gt;
                  &lt;TypeClass&gt;String&lt;/TypeClass&gt;&lt;?char 13?&gt;
                  &lt;ObjType&gt;System.String&lt;/ObjType&gt;&lt;?char 13?&gt;
                  &lt;Value&gt;&amp;lt;?char 13?&amp;gt;&lt;?char 13?&gt;
create table #TraceStatus &amp;lt;?char 13?&amp;gt;&lt;?char 13?&gt;
( TraceFlags int,&amp;lt;?char 13?&amp;gt;&lt;?char 13?&gt;
  Status bit,&amp;lt;?char 13?&amp;gt;&lt;?char 13?&gt;
  Global bit,&amp;lt;?char 13?&amp;gt;&lt;?char 13?&gt;
  Session int&amp;lt;?char 13?&amp;gt;&lt;?char 13?&gt;
  )&amp;lt;?char 13?&amp;gt;&lt;?char 13?&gt;
&amp;lt;?char 13?&amp;gt;&lt;?char 13?&gt;
insert into #TraceStatus&amp;lt;?char 13?&amp;gt;&lt;?char 13?&gt;
exec sp_executesql N''DBCC tracestatus(1118)''&amp;lt;?char 13?&amp;gt;&lt;?char 13?&gt;
&amp;lt;?char 13?&amp;gt;&lt;?char 13?&gt;
IF (select status from #TraceStatus where Global=1)=1&amp;lt;?char 13?&amp;gt;&lt;?char 13?&gt;
  select 1118&amp;lt;?char 13?&amp;gt;&lt;?char 13?&gt;
ELSE&amp;lt;?char 13?&amp;gt;&lt;?char 13?&gt;
  select 0&amp;lt;?char 13?&amp;gt;&lt;?char 13?&gt;
&amp;lt;?char 13?&amp;gt;&lt;?char 13?&gt;
drop table #TraceStatus&lt;/Value&gt;&lt;?char 13?&gt;
                &lt;/Constant&gt;&lt;?char 13?&gt;
              &lt;/Function&gt;&lt;?char 13?&gt;
              &lt;Constant&gt;&lt;?char 13?&gt;
                &lt;TypeClass&gt;Numeric&lt;/TypeClass&gt;&lt;?char 13?&gt;
                &lt;ObjType&gt;System.Double&lt;/ObjType&gt;&lt;?char 13?&gt;
                &lt;Value&gt;1118&lt;/Value&gt;&lt;?char 13?&gt;
              &lt;/Constant&gt;&lt;?char 13?&gt;
            &lt;/Operator&gt;&lt;?char 13?&gt;
          &lt;/Operator&gt;&lt;?char 13?&gt;
          &lt;Operator&gt;&lt;?char 13?&gt;
            &lt;TypeClass&gt;Bool&lt;/TypeClass&gt;&lt;?char 13?&gt;
            &lt;OpType&gt;EQ&lt;/OpType&gt;&lt;?char 13?&gt;
            &lt;Count&gt;2&lt;/Count&gt;&lt;?char 13?&gt;
            &lt;Function&gt;&lt;?char 13?&gt;
              &lt;TypeClass&gt;Numeric&lt;/TypeClass&gt;&lt;?char 13?&gt;
              &lt;FunctionType&gt;ExecuteSql&lt;/FunctionType&gt;&lt;?char 13?&gt;
              &lt;ReturnType&gt;Numeric&lt;/ReturnType&gt;&lt;?char 13?&gt;
              &lt;Count&gt;2&lt;/Count&gt;&lt;?char 13?&gt;
              &lt;Constant&gt;&lt;?char 13?&gt;
                &lt;TypeClass&gt;String&lt;/TypeClass&gt;&lt;?char 13?&gt;
                &lt;ObjType&gt;System.String&lt;/ObjType&gt;&lt;?char 13?&gt;
                &lt;Value&gt;Numeric&lt;/Value&gt;&lt;?char 13?&gt;
              &lt;/Constant&gt;&lt;?char 13?&gt;
              &lt;Constant&gt;&lt;?char 13?&gt;
                &lt;TypeClass&gt;String&lt;/TypeClass&gt;&lt;?char 13?&gt;
                &lt;ObjType&gt;System.String&lt;/ObjType&gt;&lt;?char 13?&gt;
                &lt;Value&gt;&amp;lt;?char 13?&amp;gt;&lt;?char 13?&gt;
create table #TraceStatus &amp;lt;?char 13?&amp;gt;&lt;?char 13?&gt;
( TraceFlags int,&amp;lt;?char 13?&amp;gt;&lt;?char 13?&gt;
  Status bit,&amp;lt;?char 13?&amp;gt;&lt;?char 13?&gt;
  Global bit,&amp;lt;?char 13?&amp;gt;&lt;?char 13?&gt;
  Session int&amp;lt;?char 13?&amp;gt;&lt;?char 13?&gt;
  )&amp;lt;?char 13?&amp;gt;&lt;?char 13?&gt;
&amp;lt;?char 13?&amp;gt;&lt;?char 13?&gt;
insert into #TraceStatus&amp;lt;?char 13?&amp;gt;&lt;?char 13?&gt;
exec sp_executesql N''DBCC tracestatus(2371)''&amp;lt;?char 13?&amp;gt;&lt;?char 13?&gt;
&amp;lt;?char 13?&amp;gt;&lt;?char 13?&gt;
IF (select status from #TraceStatus where Global=1)=1&amp;lt;?char 13?&amp;gt;&lt;?char 13?&gt;
  select 2371&amp;lt;?char 13?&amp;gt;&lt;?char 13?&gt;
ELSE&amp;lt;?char 13?&amp;gt;&lt;?char 13?&gt;
  select 0&amp;lt;?char 13?&amp;gt;&lt;?char 13?&gt;
&amp;lt;?char 13?&amp;gt;&lt;?char 13?&gt;
drop table #TraceStatus&lt;/Value&gt;&lt;?char 13?&gt;
              &lt;/Constant&gt;&lt;?char 13?&gt;
            &lt;/Function&gt;&lt;?char 13?&gt;
            &lt;Constant&gt;&lt;?char 13?&gt;
              &lt;TypeClass&gt;Numeric&lt;/TypeClass&gt;&lt;?char 13?&gt;
              &lt;ObjType&gt;System.Double&lt;/ObjType&gt;&lt;?char 13?&gt;
              &lt;Value&gt;2371&lt;/Value&gt;&lt;?char 13?&gt;
            &lt;/Constant&gt;&lt;?char 13?&gt;
          &lt;/Operator&gt;&lt;?char 13?&gt;
        &lt;/Operator&gt;&lt;?char 13?&gt;
        &lt;Operator&gt;&lt;?char 13?&gt;
          &lt;TypeClass&gt;Bool&lt;/TypeClass&gt;&lt;?char 13?&gt;
          &lt;OpType&gt;EQ&lt;/OpType&gt;&lt;?char 13?&gt;
          &lt;Count&gt;2&lt;/Count&gt;&lt;?char 13?&gt;
          &lt;Function&gt;&lt;?char 13?&gt;
            &lt;TypeClass&gt;Numeric&lt;/TypeClass&gt;&lt;?char 13?&gt;
            &lt;FunctionType&gt;ExecuteSql&lt;/FunctionType&gt;&lt;?char 13?&gt;
            &lt;ReturnType&gt;Numeric&lt;/ReturnType&gt;&lt;?char 13?&gt;
            &lt;Count&gt;2&lt;/Count&gt;&lt;?char 13?&gt;
            &lt;Constant&gt;&lt;?char 13?&gt;
              &lt;TypeClass&gt;String&lt;/TypeClass&gt;&lt;?char 13?&gt;
              &lt;ObjType&gt;System.String&lt;/ObjType&gt;&lt;?char 13?&gt;
              &lt;Value&gt;Numeric&lt;/Value&gt;&lt;?char 13?&gt;
            &lt;/Constant&gt;&lt;?char 13?&gt;
            &lt;Constant&gt;&lt;?char 13?&gt;
              &lt;TypeClass&gt;String&lt;/TypeClass&gt;&lt;?char 13?&gt;
              &lt;ObjType&gt;System.String&lt;/ObjType&gt;&lt;?char 13?&gt;
              &lt;Value&gt;&amp;lt;?char 13?&amp;gt;&lt;?char 13?&gt;
create table #TraceStatus &amp;lt;?char 13?&amp;gt;&lt;?char 13?&gt;
( TraceFlags int,&amp;lt;?char 13?&amp;gt;&lt;?char 13?&gt;
  Status bit,&amp;lt;?char 13?&amp;gt;&lt;?char 13?&gt;
  Global bit,&amp;lt;?char 13?&amp;gt;&lt;?char 13?&gt;
  Session int&amp;lt;?char 13?&amp;gt;&lt;?char 13?&gt;
  )&amp;lt;?char 13?&amp;gt;&lt;?char 13?&gt;
&amp;lt;?char 13?&amp;gt;&lt;?char 13?&gt;
insert into #TraceStatus&amp;lt;?char 13?&amp;gt;&lt;?char 13?&gt;
exec sp_executesql N''DBCC tracestatus(3226)''&amp;lt;?char 13?&amp;gt;&lt;?char 13?&gt;
&amp;lt;?char 13?&amp;gt;&lt;?char 13?&gt;
IF (select status from #TraceStatus where Global=1)=1&amp;lt;?char 13?&amp;gt;&lt;?char 13?&gt;
  select 3226&amp;lt;?char 13?&amp;gt;&lt;?char 13?&gt;
ELSE&amp;lt;?char 13?&amp;gt;&lt;?char 13?&gt;
  select 0&amp;lt;?char 13?&amp;gt;&lt;?char 13?&gt;
&amp;lt;?char 13?&amp;gt;&lt;?char 13?&gt;
drop table #TraceStatus&lt;/Value&gt;&lt;?char 13?&gt;
            &lt;/Constant&gt;&lt;?char 13?&gt;
          &lt;/Function&gt;&lt;?char 13?&gt;
          &lt;Constant&gt;&lt;?char 13?&gt;
            &lt;TypeClass&gt;Numeric&lt;/TypeClass&gt;&lt;?char 13?&gt;
            &lt;ObjType&gt;System.Double&lt;/ObjType&gt;&lt;?char 13?&gt;
            &lt;Value&gt;3226&lt;/Value&gt;&lt;?char 13?&gt;
          &lt;/Constant&gt;&lt;?char 13?&gt;
        &lt;/Operator&gt;&lt;?char 13?&gt;
      &lt;/Operator&gt;&lt;?char 13?&gt;
      &lt;Operator&gt;&lt;?char 13?&gt;
        &lt;TypeClass&gt;Bool&lt;/TypeClass&gt;&lt;?char 13?&gt;
        &lt;OpType&gt;EQ&lt;/OpType&gt;&lt;?char 13?&gt;
        &lt;Count&gt;2&lt;/Count&gt;&lt;?char 13?&gt;
        &lt;Function&gt;&lt;?char 13?&gt;
          &lt;TypeClass&gt;Numeric&lt;/TypeClass&gt;&lt;?char 13?&gt;
          &lt;FunctionType&gt;ExecuteSql&lt;/FunctionType&gt;&lt;?char 13?&gt;
          &lt;ReturnType&gt;Numeric&lt;/ReturnType&gt;&lt;?char 13?&gt;
          &lt;Count&gt;2&lt;/Count&gt;&lt;?char 13?&gt;
          &lt;Constant&gt;&lt;?char 13?&gt;
            &lt;TypeClass&gt;String&lt;/TypeClass&gt;&lt;?char 13?&gt;
            &lt;ObjType&gt;System.String&lt;/ObjType&gt;&lt;?char 13?&gt;
            &lt;Value&gt;Numeric&lt;/Value&gt;&lt;?char 13?&gt;
          &lt;/Constant&gt;&lt;?char 13?&gt;
          &lt;Constant&gt;&lt;?char 13?&gt;
            &lt;TypeClass&gt;String&lt;/TypeClass&gt;&lt;?char 13?&gt;
            &lt;ObjType&gt;System.String&lt;/ObjType&gt;&lt;?char 13?&gt;
            &lt;Value&gt;&amp;lt;?char 13?&amp;gt;&lt;?char 13?&gt;
create table #TraceStatus &amp;lt;?char 13?&amp;gt;&lt;?char 13?&gt;
( TraceFlags int,&amp;lt;?char 13?&amp;gt;&lt;?char 13?&gt;
  Status bit,&amp;lt;?char 13?&amp;gt;&lt;?char 13?&gt;
  Global bit,&amp;lt;?char 13?&amp;gt;&lt;?char 13?&gt;
  Session int&amp;lt;?char 13?&amp;gt;&lt;?char 13?&gt;
  )&amp;lt;?char 13?&amp;gt;&lt;?char 13?&gt;
&amp;lt;?char 13?&amp;gt;&lt;?char 13?&gt;
insert into #TraceStatus&amp;lt;?char 13?&amp;gt;&lt;?char 13?&gt;
exec sp_executesql N''DBCC tracestatus(4199)''&amp;lt;?char 13?&amp;gt;&lt;?char 13?&gt;
&amp;lt;?char 13?&amp;gt;&lt;?char 13?&gt;
IF (select status from #TraceStatus where Global=1)=1&amp;lt;?char 13?&amp;gt;&lt;?char 13?&gt;
  select 4199&amp;lt;?char 13?&amp;gt;&lt;?char 13?&gt;
ELSE&amp;lt;?char 13?&amp;gt;&lt;?char 13?&gt;
  select 0&amp;lt;?char 13?&amp;gt;&lt;?char 13?&gt;
&amp;lt;?char 13?&amp;gt;&lt;?char 13?&gt;
drop table #TraceStatus&lt;/Value&gt;&lt;?char 13?&gt;
          &lt;/Constant&gt;&lt;?char 13?&gt;
        &lt;/Function&gt;&lt;?char 13?&gt;
        &lt;Constant&gt;&lt;?char 13?&gt;
          &lt;TypeClass&gt;Numeric&lt;/TypeClass&gt;&lt;?char 13?&gt;
          &lt;ObjType&gt;System.Double&lt;/ObjType&gt;&lt;?char 13?&gt;
          &lt;Value&gt;4199&lt;/Value&gt;&lt;?char 13?&gt;
        &lt;/Constant&gt;&lt;?char 13?&gt;
      &lt;/Operator&gt;&lt;?char 13?&gt;
    &lt;/Operator&gt;&lt;?char 13?&gt;
    &lt;Operator&gt;&lt;?char 13?&gt;
      &lt;TypeClass&gt;Bool&lt;/TypeClass&gt;&lt;?char 13?&gt;
      &lt;OpType&gt;EQ&lt;/OpType&gt;&lt;?char 13?&gt;
      &lt;Count&gt;2&lt;/Count&gt;&lt;?char 13?&gt;
      &lt;Function&gt;&lt;?char 13?&gt;
        &lt;TypeClass&gt;Numeric&lt;/TypeClass&gt;&lt;?char 13?&gt;
        &lt;FunctionType&gt;ExecuteSql&lt;/FunctionType&gt;&lt;?char 13?&gt;
        &lt;ReturnType&gt;Numeric&lt;/ReturnType&gt;&lt;?char 13?&gt;
        &lt;Count&gt;2&lt;/Count&gt;&lt;?char 13?&gt;
        &lt;Constant&gt;&lt;?char 13?&gt;
          &lt;TypeClass&gt;String&lt;/TypeClass&gt;&lt;?char 13?&gt;
          &lt;ObjType&gt;System.String&lt;/ObjType&gt;&lt;?char 13?&gt;
          &lt;Value&gt;Numeric&lt;/Value&gt;&lt;?char 13?&gt;
        &lt;/Constant&gt;&lt;?char 13?&gt;
        &lt;Constant&gt;&lt;?char 13?&gt;
          &lt;TypeClass&gt;String&lt;/TypeClass&gt;&lt;?char 13?&gt;
          &lt;ObjType&gt;System.String&lt;/ObjType&gt;&lt;?char 13?&gt;
          &lt;Value&gt;&amp;lt;?char 13?&amp;gt;&lt;?char 13?&gt;
create table #TraceStatus &amp;lt;?char 13?&amp;gt;&lt;?char 13?&gt;
( TraceFlags int,&amp;lt;?char 13?&amp;gt;&lt;?char 13?&gt;
  Status bit,&amp;lt;?char 13?&amp;gt;&lt;?char 13?&gt;
  Global bit,&amp;lt;?char 13?&amp;gt;&lt;?char 13?&gt;
  Session int&amp;lt;?char 13?&amp;gt;&lt;?char 13?&gt;
  )&amp;lt;?char 13?&amp;gt;&lt;?char 13?&gt;
&amp;lt;?char 13?&amp;gt;&lt;?char 13?&gt;
insert into #TraceStatus&amp;lt;?char 13?&amp;gt;&lt;?char 13?&gt;
exec sp_executesql N''DBCC tracestatus(2562)''&amp;lt;?char 13?&amp;gt;&lt;?char 13?&gt;
&amp;lt;?char 13?&amp;gt;&lt;?char 13?&gt;
IF (select status from #TraceStatus where Global=1)=1&amp;lt;?char 13?&amp;gt;&lt;?char 13?&gt;
  select 2562&amp;lt;?char 13?&amp;gt;&lt;?char 13?&gt;
ELSE&amp;lt;?char 13?&amp;gt;&lt;?char 13?&gt;
  select 0&amp;lt;?char 13?&amp;gt;&lt;?char 13?&gt;
&amp;lt;?char 13?&amp;gt;&lt;?char 13?&gt;
drop table #TraceStatus&lt;/Value&gt;&lt;?char 13?&gt;
        &lt;/Constant&gt;&lt;?char 13?&gt;
      &lt;/Function&gt;&lt;?char 13?&gt;
      &lt;Constant&gt;&lt;?char 13?&gt;
        &lt;TypeClass&gt;Numeric&lt;/TypeClass&gt;&lt;?char 13?&gt;
        &lt;ObjType&gt;System.Double&lt;/ObjType&gt;&lt;?char 13?&gt;
        &lt;Value&gt;2562&lt;/Value&gt;&lt;?char 13?&gt;
      &lt;/Constant&gt;&lt;?char 13?&gt;
    &lt;/Operator&gt;&lt;?char 13?&gt;
  &lt;/Operator&gt;&lt;?char 13?&gt;
  &lt;Operator&gt;&lt;?char 13?&gt;
    &lt;TypeClass&gt;Bool&lt;/TypeClass&gt;&lt;?char 13?&gt;
    &lt;OpType&gt;EQ&lt;/OpType&gt;&lt;?char 13?&gt;
    &lt;Count&gt;2&lt;/Count&gt;&lt;?char 13?&gt;
    &lt;Function&gt;&lt;?char 13?&gt;
      &lt;TypeClass&gt;Numeric&lt;/TypeClass&gt;&lt;?char 13?&gt;
      &lt;FunctionType&gt;ExecuteSql&lt;/FunctionType&gt;&lt;?char 13?&gt;
      &lt;ReturnType&gt;Numeric&lt;/ReturnType&gt;&lt;?char 13?&gt;
      &lt;Count&gt;2&lt;/Count&gt;&lt;?char 13?&gt;
      &lt;Constant&gt;&lt;?char 13?&gt;
        &lt;TypeClass&gt;String&lt;/TypeClass&gt;&lt;?char 13?&gt;
        &lt;ObjType&gt;System.String&lt;/ObjType&gt;&lt;?char 13?&gt;
        &lt;Value&gt;Numeric&lt;/Value&gt;&lt;?char 13?&gt;
      &lt;/Constant&gt;&lt;?char 13?&gt;
      &lt;Constant&gt;&lt;?char 13?&gt;
        &lt;TypeClass&gt;String&lt;/TypeClass&gt;&lt;?char 13?&gt;
        &lt;ObjType&gt;System.String&lt;/ObjType&gt;&lt;?char 13?&gt;
        &lt;Value&gt;&amp;lt;?char 13?&amp;gt;&lt;?char 13?&gt;
create table #TraceStatus &amp;lt;?char 13?&amp;gt;&lt;?char 13?&gt;
( TraceFlags int,&amp;lt;?char 13?&amp;gt;&lt;?char 13?&gt;
  Status bit,&amp;lt;?char 13?&amp;gt;&lt;?char 13?&gt;
  Global bit,&amp;lt;?char 13?&amp;gt;&lt;?char 13?&gt;
  Session int&amp;lt;?char 13?&amp;gt;&lt;?char 13?&gt;
  )&amp;lt;?char 13?&amp;gt;&lt;?char 13?&gt;
&amp;lt;?char 13?&amp;gt;&lt;?char 13?&gt;
insert into #TraceStatus&amp;lt;?char 13?&amp;gt;&lt;?char 13?&gt;
exec sp_executesql N''DBCC tracestatus(2549)''&amp;lt;?char 13?&amp;gt;&lt;?char 13?&gt;
&amp;lt;?char 13?&amp;gt;&lt;?char 13?&gt;
IF (select status from #TraceStatus where Global=1)=1&amp;lt;?char 13?&amp;gt;&lt;?char 13?&gt;
  select 2549&amp;lt;?char 13?&amp;gt;&lt;?char 13?&gt;
ELSE&amp;lt;?char 13?&amp;gt;&lt;?char 13?&gt;
  select 0&amp;lt;?char 13?&amp;gt;&lt;?char 13?&gt;
&amp;lt;?char 13?&amp;gt;&lt;?char 13?&gt;
drop table #TraceStatus&lt;/Value&gt;&lt;?char 13?&gt;
      &lt;/Constant&gt;&lt;?char 13?&gt;
    &lt;/Function&gt;&lt;?char 13?&gt;
    &lt;Constant&gt;&lt;?char 13?&gt;
      &lt;TypeClass&gt;Numeric&lt;/TypeClass&gt;&lt;?char 13?&gt;
      &lt;ObjType&gt;System.Double&lt;/ObjType&gt;&lt;?char 13?&gt;
      &lt;Value&gt;2549&lt;/Value&gt;&lt;?char 13?&gt;
    &lt;/Constant&gt;&lt;?char 13?&gt;
  &lt;/Operator&gt;&lt;?char 13?&gt;
&lt;/Operator&gt;</DMF:Expression><DMF:Name type="string">Trace Flags Enabled</DMF:Name><DMF:Description type="string" /><DMF:Facet type="string">Server</DMF:Facet></DMF:Condition></data></document><document><docinfo><aliases><alias>/PolicyStore/ObjectSet/Trace Flags Enabled__ObjectSet/TargetSet/Server</alias></aliases><sfc:version DomainVersion="3" /></docinfo><data><DMF:TargetSet xmlns:DMF="http://schemas.microsoft.com/sqlserver/DMF/2007/08" xmlns:sfc="http://schemas.microsoft.com/sqlserver/sfc/serialization/2007/08" xmlns:sml="http://schemas.serviceml.org/sml/2007/02" xmlns:xs="http://www.w3.org/2001/XMLSchema"><DMF:Parent><sfc:Reference sml:ref="true"><sml:Uri>/PolicyStore/ObjectSet/Trace Flags Enabled__ObjectSet</sml:Uri></sfc:Reference></DMF:Parent><DMF:TargetTypeSkeleton type="string">Server</DMF:TargetTypeSkeleton><DMF:Enabled type="boolean">true</DMF:Enabled></DMF:TargetSet></data></document></instances></DMF:bufferData></xs:schema></data></document></definitions></xs:bufferSchema></model>