﻿<RingBufferTarget truncated="0" processingTime="0" totalEventsProcessed="35" eventCount="10" droppedCount="0" memoryUsed="83548">
  <event name="deprecation_announcement" package="sqlserver" timestamp="2014-09-05T07:07:00.778Z">
    <data name="feature_id">
      <type name="uint32" package="package0"></type>
      <value>1</value>
    </data>
    <data name="feature">
      <type name="unicode_string" package="package0"></type>
      <value><![CDATA[NOLOCK or READUNCOMMITTED in UPDATE or DELETE]]></value>
    </data>
    <data name="message">
      <type name="unicode_string" package="package0"></type>
      <value><![CDATA[Use of NOLOCK or READUNCOMMITTED hints in the FROM clause of an UPDATE or DELETE statement on the target table of the statement ('dbo.fizzbuzz_wide') is deprecated. These hints have no effect in this location. Microsoft recommends that you remove these hints from this statement. Support for these hints in this location will be removed in a future version of SQL Server.]]></value>
    </data>
    <action name="sql_text" package="sqlserver">
      <type name="unicode_string" package="package0"></type>
      <value><![CDATA[UPDATE dbo.fizzbuzz_wide
SET col5 = 50
FROM dbo.fizzbuzz_wide WITH(NOLOCK) JOIN dbo.fizzbuzz 
ON fizzbuzz.fizzbuzz_number = fizzbuzz_wide.fizzbuzz_number
WHERE sqlmd.dbo.fizzbuzz.fizzbuzz_number = 1]]></value>
    </action>
  </event>
  <event name="deprecation_final_support" package="sqlserver" timestamp="2014-09-05T07:07:00.778Z">
    <data name="feature_id">
      <type name="uint32" package="package0"></type>
      <value>3</value>
    </data>
    <data name="feature">
      <type name="unicode_string" package="package0"></type>
      <value><![CDATA[More than two-part column name]]></value>
    </data>
    <data name="message">
      <type name="unicode_string" package="package0"></type>
      <value><![CDATA[The use of more than two-part column names will be removed in a future version of SQL Server. Avoid using this feature in new development work, and plan to modify applications that currently use it.]]></value>
    </data>
    <action name="sql_text" package="sqlserver">
      <type name="unicode_string" package="package0"></type>
      <value><![CDATA[UPDATE dbo.fizzbuzz_wide
SET col5 = 50
FROM dbo.fizzbuzz_wide WITH(NOLOCK) JOIN dbo.fizzbuzz 
ON fizzbuzz.fizzbuzz_number = fizzbuzz_wide.fizzbuzz_number
WHERE sqlmd.dbo.fizzbuzz.fizzbuzz_number = 1]]></value>
    </action>
  </event>
</RingBufferTarget>