<?xml version="1.0" encoding="UTF-8"?><?xml-stylesheet type='text/xsl' href='_UpgradeReport_Files/UpgradeReport.xslt'?><UpgradeLog>
<Properties><Property Name="Solution" Value="ExecPlanBasics">
</Property><Property Name="Solution File" Value="C:\Users\tleblanc1\Desktop\SQL\Presentations\SQLSat107\ExecutionPlanBasics\ExecPlanBasics\ExecPlanBasics.ssmssln">
</Property><Property Name="Date" Value="Wednesday, March 28, 2012">
</Property><Property Name="Time" Value="13:56 PM">
</Property></Properties><Event ErrorLevel="0" Project="" Source="ExecPlanBasics.ssmssln" Description="Solution converted successfully">
</Event><Event ErrorLevel="3" Project="" Source="ExecPlanBasics.ssmssln" Description="Converted">
</Event></UpgradeLog>