﻿<procLog xmlns:xsi="http://www.w3.org/2001/XMLSchema-instance">
  <Parameters>
    <FirstName>Peter</FirstName>
    <MiddleName>Peter</MiddleName>
    <LastName>Peters</LastName>
    <AddressLine1>555 55</AddressLine1>
    <AddressLine2 xsi:nil="true" />
    <City>Boston</City>
    <State>Mis</State>
    <PostalCode>99999</PostalCode>
  </Parameters>
  <steps>
    <step name="start" time="2011-08-26T07:22:13.9090872" />
    <step name="create business entity" time="2011-08-26T07:22:13.9100873" />
    <step xmlns:xsi="http://www.w3.org/2001/XMLSchema-instance" name="created business entity" time="2011-08-26T07:22:13.9100873">
      <Variables>
        <BusinessEntityID>21702</BusinessEntityID>
        <StateID xsi:nil="true" />
        <AddressID xsi:nil="true" />
      </Variables>
    </step>
    <step xmlns:xsi="http://www.w3.org/2001/XMLSchema-instance" name="create person" time="2011-08-26T07:22:13.9100873">
      <Variables>
        <BusinessEntityID>21702</BusinessEntityID>
        <StateID xsi:nil="true" />
        <AddressID xsi:nil="true" />
      </Variables>
    </step>
    <step xmlns:xsi="http://www.w3.org/2001/XMLSchema-instance" name="create customer" time="2011-08-26T07:22:13.9110873">
      <Variables>
        <BusinessEntityID>21702</BusinessEntityID>
        <StateID xsi:nil="true" />
        <AddressID xsi:nil="true" />
      </Variables>
    </step>
    <step xmlns:xsi="http://www.w3.org/2001/XMLSchema-instance" name="get state" time="2011-08-26T07:22:13.9110873">
      <Variables>
        <BusinessEntityID>21702</BusinessEntityID>
        <StateID xsi:nil="true" />
        <AddressID xsi:nil="true" />
      </Variables>
    </step>
    <step xmlns:xsi="http://www.w3.org/2001/XMLSchema-instance" name="create address" time="2011-08-26T07:22:13.9120874">
      <Variables>
        <BusinessEntityID>21702</BusinessEntityID>
        <StateID xsi:nil="true" />
        <AddressID xsi:nil="true" />
      </Variables>
    </step>
    <step xmlns:xsi="http://www.w3.org/2001/XMLSchema-instance" name="error" time="2011-08-26T07:22:13.9130874">
      <error line="159" number="515" procedure="uspAddCustomer" severity="16" state="2">Cannot insert the value NULL into column 'StateProvinceID', table 'AdventureWorksDemo.Person.Address'; column does not allow nulls. INSERT fails.</error>
    </step>
  </steps>
</procLog>