﻿<procLog xmlns:xsi="http://www.w3.org/2001/XMLSchema-instance">
  <Parameters>
    <FirstName>Peter</FirstName>
    <MiddleName>Charles</MiddleName>
    <LastName>Covey</LastName>
    <AddressLine1>555 55</AddressLine1>
    <AddressLine2 xsi:nil="true" />
    <City>St Louis</City>
    <State>MO </State>
    <PostalCode>99999</PostalCode>
  </Parameters>
  <steps>
    <step name="start" time="2011-08-26T07:22:05.4716046" />
    <step name="create business entity" time="2011-08-26T07:22:05.5246077" />
    <step xmlns:xsi="http://www.w3.org/2001/XMLSchema-instance" name="created business entity" time="2011-08-26T07:22:05.5686102">
      <Variables>
        <BusinessEntityID>20778</BusinessEntityID>
        <StateID xsi:nil="true" />
        <AddressID xsi:nil="true" />
      </Variables>
    </step>
    <step xmlns:xsi="http://www.w3.org/2001/XMLSchema-instance" name="create person" time="2011-08-26T07:22:05.5696102">
      <Variables>
        <BusinessEntityID>20778</BusinessEntityID>
        <StateID xsi:nil="true" />
        <AddressID xsi:nil="true" />
      </Variables>
    </step>
    <step xmlns:xsi="http://www.w3.org/2001/XMLSchema-instance" name="create customer" time="2011-08-26T07:22:05.5856111">
      <Variables>
        <BusinessEntityID>20778</BusinessEntityID>
        <StateID xsi:nil="true" />
        <AddressID xsi:nil="true" />
      </Variables>
    </step>
    <step xmlns:xsi="http://www.w3.org/2001/XMLSchema-instance" name="get state" time="2011-08-26T07:22:05.6026121">
      <Variables>
        <BusinessEntityID>20778</BusinessEntityID>
        <StateID xsi:nil="true" />
        <AddressID xsi:nil="true" />
      </Variables>
    </step>
    <step xmlns:xsi="http://www.w3.org/2001/XMLSchema-instance" name="create address" time="2011-08-26T07:22:05.6046122">
      <Variables>
        <BusinessEntityID>20778</BusinessEntityID>
        <StateID>37</StateID>
        <AddressID xsi:nil="true" />
      </Variables>
    </step>
    <step xmlns:xsi="http://www.w3.org/2001/XMLSchema-instance" name="create business entity address link" time="2011-08-26T07:22:05.6276135">
      <Variables>
        <BusinessEntityID>20778</BusinessEntityID>
        <StateID>37</StateID>
        <AddressID>32522</AddressID>
      </Variables>
    </step>
    <step xmlns:xsi="http://www.w3.org/2001/XMLSchema-instance" name="created business entity address link" time="2011-08-26T07:22:05.6396142">
      <Variables>
        <BusinessEntityID>20778</BusinessEntityID>
        <StateID>37</StateID>
        <AddressID>32522</AddressID>
      </Variables>
    </step>
  </steps>
</procLog>